id,name,gender,email,salary,department
1,Pollyanna,Male,pkinkaid0@about.me,105,Marketing
2,Nelle,Male,npatkin1@ucla.edu,605,Business Development
3,Lewie,Female,lnajera2@edublogs.org,184,Sales
4,Hube,Male,hdunkerly3@bizjournals.com,449,Human Resources
5,Derrick,Female,dmullord4@intel.com,846,Services
6,Glenine,Female,gyansons5@mysql.com,285,Sales
7,Ellery,Female,ebalsdone6@latimes.com,136,Services
8,Taddeusz,Female,thartwright7@answers.com,423,Business Development
9,Quinton,Female,qmoncarr8@mayoclinic.com,633,Product Management
10,Penny,Male,phuskinson9@globo.com,337,Training
11,Griselda,Male,gsydalla@ifeng.com,576,Human Resources
12,Artemis,Female,amundowb@imageshack.us,358,Business Development
13,Evanne,Male,eaikenheadc@who.int,365,Services
14,Gypsy,Male,gioselevichd@zdnet.com,596,Business Development
15,Sophi,Female,smahmoode@amazon.com,476,Legal
16,Rawley,Male,rhindhaughf@elegantthemes.com,727,Sales
17,Siana,Female,smeaceg@last.fm,248,Services
18,Gui,Male,gshillingtonh@rambler.ru,828,Services
19,Roosevelt,Female,rhelleni@mediafire.com,756,Marketing
20,Durante,Female,derridgej@oakley.com,997,Accounting
21,Jaquith,Female,jminichillok@sciencedirect.com,371,Marketing
22,Rheta,Female,roughl@fotki.com,661,Training
23,Farly,Male,fmorhallm@nifty.com,47,Legal
24,Antonella,Female,apierrin@shop-pro.jp,887,Business Development
25,Gabe,Female,gsonnero@apple.com,71,Product Management
26,Junina,Male,jsmeedp@fotki.com,398,Legal
27,Zeb,Female,zpeddersenq@microsoft.com,53,Training
28,Star,Male,scarlensr@wufoo.com,93,Research and Development
29,Merrel,Female,mwoffendens@huffingtonpost.com,770,Product Management
30,Fleurette,Male,fhinkst@flickr.com,393,Legal
31,Tanner,Male,tmcilvennyu@wikimedia.org,713,Product Management
32,Cleveland,Male,cimesenv@google.fr,328,Marketing
33,Averyl,Female,awarbrickw@nih.gov,876,Support
34,Tymon,Male,tconnarx@diigo.com,147,Product Management
35,Puff,Male,plambey@hc360.com,987,Product Management
36,Myrle,Female,mharkinz@techcrunch.com,620,Support
37,Cinda,Male,csherer10@ning.com,672,Human Resources
38,Curry,Male,chindrick11@webmd.com,530,Engineering
39,Ailbert,Female,alicari12@eepurl.com,742,Legal
40,Bevvy,Female,bmulran13@ow.ly,263,Sales
41,Maryann,Female,miczokvitz14@mediafire.com,920,Services
42,Richie,Male,rtombs15@dmoz.org,567,Accounting
43,Gibbie,Male,gjoanaud16@webnode.com,906,Research and Development
44,Guinna,Female,gdarwood17@aol.com,627,Accounting
45,Umeko,Female,uhannaford18@1688.com,534,Training
46,Valentin,Female,voulett19@cnet.com,632,Accounting
47,Kinsley,Male,kilbert1a@bloomberg.com,566,Engineering
48,Gabe,Male,gdearness1b@china.com.cn,754,Product Management
49,Loralie,Male,lmidden1c@miibeian.gov.cn,192,Engineering
50,Osborne,Male,ocostley1d@fastcompany.com,10,Accounting
51,Eddi,Female,eswale1e@ed.gov,926,Product Management
52,Humfrid,Female,hvarey1f@vinaora.com,120,Services
53,Corrinne,Female,cmaccaffery1g@tumblr.com,137,Business Development
54,Sheeree,Male,sdonovin1h@usa.gov,554,Support
55,Fredericka,Female,fhelks1i@sakura.ne.jp,10,Business Development
56,Hiram,Male,hsaphir1j@google.pl,685,Human Resources
57,Deva,Female,dstroban1k@last.fm,854,Business Development
58,Alford,Male,alindley1l@blogger.com,74,Business Development
59,Alva,Female,awoodier1m@newyorker.com,978,Human Resources
60,Lowe,Male,lpindell1n@miibeian.gov.cn,334,Sales
61,Melisandra,Female,mgabbidon1o@dailymail.co.uk,574,Support
62,Hilliary,Male,hstoffler1p@fotki.com,438,Training
63,Gannon,Female,gkinglesyd1q@prlog.org,964,Sales
64,Natka,Male,nstambridge1r@shinystat.com,759,Product Management
65,Charmain,Female,cbonnavant1s@symantec.com,9,Accounting
66,Olivette,Male,odunnico1t@examiner.com,803,Services
67,Clara,Male,cmcswan1u@fotki.com,453,Business Development
68,Skipper,Male,sabbots1v@yahoo.com,957,Legal
69,Gardner,Male,ggiamo1w@quantcast.com,541,Engineering
70,Gail,Female,gmapam1x@51.la,818,Research and Development
71,Keenan,Male,kloveard1y@bandcamp.com,127,Human Resources
72,Axel,Male,arolles1z@businessinsider.com,863,Training
73,Murdock,Male,mmariotte20@youku.com,396,Training
74,Georgeanne,Male,gmaggillandreis21@stumbleupon.com,908,Legal
75,Gavrielle,Male,gjosephs22@ocn.ne.jp,296,Support
76,Libby,Female,ldorracott23@gravatar.com,305,Research and Development
77,Clevie,Female,cwiddows24@examiner.com,535,Services
78,Emyle,Female,elamasna25@purevolume.com,939,Human Resources
79,Ginni,Female,gmccreedy26@goo.ne.jp,650,Accounting
80,Jere,Female,jmcgavin27@discovery.com,223,Human Resources
81,Joyann,Female,jallabush28@people.com.cn,447,Training
82,Efren,Male,edurward29@dailymotion.com,427,Business Development
83,Alva,Female,aantczak2a@upenn.edu,77,Human Resources
84,Theressa,Male,twarboys2b@google.ru,43,Sales
85,Lori,Male,lsumshon2c@about.me,563,Marketing
86,Gabby,Female,gsainsberry2d@shinystat.com,758,Research and Development
87,Tamarra,Male,tgonet2e@twitpic.com,600,Human Resources
88,Guido,Male,gsancroft2f@fastcompany.com,694,Sales
89,Desirae,Male,dince2g@ebay.co.uk,896,Marketing
90,Vincenty,Female,valeksankov2h@blogger.com,447,Sales
91,Neille,Male,ndur2i@msu.edu,261,Research and Development
92,Filia,Female,fgarmans2j@storify.com,330,Human Resources
93,Romona,Male,reggleson2k@multiply.com,636,Business Development
94,Dean,Male,dsimond2l@businessweek.com,583,Support
95,Herold,Male,halgie2m@dmoz.org,207,Accounting
96,Northrop,Male,nmorant2n@boston.com,276,Human Resources
97,Rodrique,Female,rcashell2o@csmonitor.com,912,Services
98,Cornelia,Female,cwedgwood2p@google.es,79,Business Development
99,Jackqueline,Female,jcaurah2q@blog.com,619,Services
100,Beniamino,Female,bbullas2r@booking.com,839,Research and Development
101,Hilda,Male,hwitherspoon2s@bloomberg.com,440,Support
102,Alvera,Male,acarlile2t@artisteer.com,300,Accounting
103,Sophia,Female,sdymick2u@ebay.co.uk,998,Human Resources
104,Karia,Male,kbrayfield2v@marriott.com,856,Human Resources
105,Reuben,Female,rbaiss2w@hibu.com,144,Services
106,Gizela,Female,grycroft2x@woothemes.com,922,Legal
107,Michelle,Female,mbortoloni2y@java.com,108,Engineering
108,Danna,Female,dhebson2z@apache.org,235,Business Development
109,Vern,Male,vdonohoe30@usgs.gov,640,Legal
110,Pete,Female,plearoid31@dedecms.com,180,Research and Development
111,Chloette,Male,ccaws32@accuweather.com,465,Legal
112,Dominique,Female,dkinforth33@livejournal.com,597,Research and Development
113,Christalle,Female,cmalin34@sbwire.com,968,Legal
114,Kev,Male,kdomenget35@smugmug.com,337,Services
115,Levi,Male,laskey36@drupal.org,18,Human Resources
116,Guglielma,Male,gaberkirder37@ebay.co.uk,428,Engineering
117,Erastus,Male,elukacs38@walmart.com,343,Human Resources
118,Falkner,Female,fgrigore39@amazonaws.com,200,Services
119,Marijn,Female,mbremmell3a@discuz.net,731,Human Resources
120,Merridie,Female,mgumbley3b@geocities.jp,785,Services
121,Wadsworth,Female,wesposi3c@army.mil,566,Support
122,Olivier,Female,oohartigan3d@psu.edu,488,Product Management
123,Cheryl,Female,cphinn3e@discuz.net,477,Business Development
124,Chrisy,Female,cblackboro3f@wunderground.com,474,Business Development
125,Tiebold,Male,tfairney3g@netlog.com,925,Engineering
126,Averil,Female,amattingley3h@europa.eu,660,Services
127,Abran,Female,acabane3i@google.com.hk,259,Training
128,Suzette,Male,srigden3j@bizjournals.com,216,Training
129,Gaylene,Female,gzute3k@php.net,188,Engineering
130,Micky,Female,mkippie3l@blinklist.com,119,Product Management
131,Lou,Female,ltripon3m@gnu.org,154,Training
132,Damiano,Male,dervine3n@addthis.com,957,Engineering
133,Morgan,Female,mmuddicliffe3o@trellian.com,630,Marketing
134,Pace,Male,pjennick3p@disqus.com,901,Product Management
135,Kattie,Male,kjemmett3q@thetimes.co.uk,651,Business Development
136,Tibold,Female,tscrane3r@hhs.gov,165,Research and Development
137,Roma,Female,rwooller3s@wufoo.com,454,Legal
138,Timothy,Female,tmechic3t@youtube.com,859,Research and Development
139,Kerri,Male,kgajewski3u@comsenz.com,396,Support
140,Taylor,Male,tswale3v@springer.com,486,Legal
141,Fifine,Male,fmcquirk3w@google.it,829,Marketing
142,Emily,Male,elinguard3x@wikimedia.org,895,Accounting
143,Hazel,Female,hreidshaw3y@slate.com,930,Legal
144,Ulrika,Female,ubeveredge3z@imdb.com,59,Support
145,Edith,Male,epeers40@army.mil,529,Research and Development
146,Matilde,Male,mskea41@myspace.com,552,Sales
147,Rina,Male,rjenkinson42@fda.gov,786,Research and Development
148,Ky,Female,kmcginnis43@purevolume.com,967,Human Resources
149,Allx,Male,amcgray44@hostgator.com,434,Accounting
150,Fred,Female,fmcilroy45@google.com,741,Services
151,Launce,Male,llinskill46@npr.org,186,Business Development
152,Gannon,Female,ggardner47@opensource.org,310,Legal
153,Martin,Male,manyon48@quantcast.com,905,Accounting
154,Perren,Male,pkippie49@patch.com,396,Product Management
155,Morry,Male,matwell4a@sourceforge.net,370,Business Development
156,Muhammad,Male,mbalstone4b@paypal.com,12,Business Development
157,Lannie,Male,lbottom4c@marriott.com,62,Accounting
158,Octavius,Female,odufour4d@dailymail.co.uk,947,Legal
159,Sharlene,Female,sschuricke4e@netvibes.com,157,Human Resources
160,Caril,Female,cbrydone4f@wufoo.com,196,Support
161,Penelopa,Male,pewenson4g@cnbc.com,192,Engineering
162,Stella,Male,slatan4h@fema.gov,407,Sales
163,Leeann,Male,lpooley4i@ucoz.ru,534,Marketing
164,Jazmin,Female,jcalderhead4j@theatlantic.com,238,Training
165,Lu,Male,llindsey4k@wisc.edu,872,Marketing
166,Tasia,Female,tglauber4l@tripadvisor.com,422,Engineering
167,Forrest,Male,fbickle4m@csmonitor.com,115,Research and Development
168,Bernarr,Male,bhaime4n@dyndns.org,766,Business Development
169,Juana,Female,jseymour4o@biblegateway.com,615,Legal
170,Mariska,Male,mlainge4p@tuttocitta.it,144,Legal
171,Miguelita,Male,mkitman4q@phpbb.com,501,Product Management
172,Aurelea,Female,atolotti4r@fastcompany.com,474,Human Resources
173,Cori,Female,cthackham4s@list-manage.com,10,Product Management
174,Lexis,Male,ldemicoli4t@soundcloud.com,233,Legal
175,Evey,Male,eharm4u@1688.com,389,Legal
176,Dre,Male,dmaude4v@123-reg.co.uk,227,Training
177,Garreth,Female,gphilpault4w@1688.com,74,Business Development
178,Lil,Female,lvoelker4x@posterous.com,513,Accounting
179,Ilysa,Female,ihynard4y@jimdo.com,327,Engineering
180,Noemi,Male,nbukac4z@google.nl,632,Sales
181,Flossy,Male,frosenfarb50@samsung.com,422,Product Management
182,Jacki,Female,jseiffert51@deviantart.com,955,Training
183,Archaimbaud,Female,abramall52@sun.com,271,Training
184,Corabelle,Female,cpavlik53@youku.com,371,Marketing
185,Eberto,Female,eedridge54@oakley.com,25,Business Development
186,Pete,Female,pfellgett55@aol.com,646,Accounting
187,Arlen,Male,adeeney56@springer.com,492,Engineering
188,Peirce,Female,pmcgaraghan57@privacy.gov.au,912,Services
189,Joseito,Male,jassad58@shareasale.com,364,Support
190,Roma,Female,rwong59@discuz.net,91,Training
191,Leeann,Female,lstelfox5a@github.com,828,Legal
192,Klaus,Female,kocallaghan5b@4shared.com,158,Business Development
193,Pat,Male,prisby5c@github.com,832,Product Management
194,Ad,Male,ashapcote5d@globo.com,405,Services
195,Sharron,Male,scaine5e@yale.edu,62,Support
196,Sunny,Male,sbillington5f@japanpost.jp,277,Support
197,Kat,Male,kpasley5g@kickstarter.com,960,Support
198,Fulton,Male,fsutehall5h@java.com,17,Training
199,Caitrin,Male,cpontefract5i@sbwire.com,788,Human Resources
200,Hasty,Male,hagius5j@gravatar.com,731,Business Development
201,Zacharie,Male,zlievesley5k@myspace.com,236,Legal
202,Cassaundra,Male,cneame5l@intel.com,453,Research and Development
203,Lenci,Male,lthorneley5m@livejournal.com,541,Support
204,Caryn,Female,callery5n@hexun.com,150,Product Management
205,Caty,Male,cdureden5o@so-net.ne.jp,372,Training
206,Perl,Female,pfleeman5p@amazon.com,915,Product Management
207,Bradley,Female,barmand5q@huffingtonpost.com,347,Sales
208,Rudolf,Female,rlackinton5r@dagondesign.com,140,Legal
209,Felisha,Female,fcasella5s@theglobeandmail.com,111,Legal
210,Nelly,Female,nmccolgan5t@vimeo.com,238,Engineering
211,Wolfy,Female,wfranscioni5u@quantcast.com,635,Accounting
212,Kelbee,Female,kmcgurk5v@last.fm,110,Business Development
213,Lotte,Male,lcocozza5w@mapquest.com,850,Product Management
214,Fay,Male,fagius5x@hud.gov,286,Research and Development
215,Sigfrid,Male,smolineux5y@ocn.ne.jp,560,Services
216,Orazio,Female,osloper5z@flavors.me,630,Marketing
217,Marve,Female,mjakolevitch60@eventbrite.com,619,Marketing
218,Hernando,Female,hwillerson61@i2i.jp,321,Research and Development
219,Elyn,Male,esiemon62@cisco.com,588,Business Development
220,Corabella,Female,cgianelli63@behance.net,401,Business Development
221,Arly,Female,abethel64@google.co.jp,885,Product Management
222,Shelagh,Male,ssnoding65@loc.gov,100,Support
223,Imogen,Male,imquharg66@ft.com,421,Legal
224,Nikolas,Female,nmunt67@weibo.com,454,Engineering
225,Shaylynn,Male,swindeatt68@uol.com.br,200,Engineering
226,Karin,Male,kdavall69@ebay.co.uk,217,Services
227,Tome,Female,ttrowill6a@tuttocitta.it,925,Human Resources
228,Keene,Female,kfasham6b@feedburner.com,656,Services
229,Stanford,Female,sstammirs6c@sbwire.com,127,Engineering
230,Bing,Male,bphilcock6d@sohu.com,263,Business Development
231,Judi,Female,jveitch6e@moonfruit.com,766,Research and Development
232,Bondie,Female,bcarey6f@theguardian.com,19,Engineering
233,Quint,Male,qcottier6g@prnewswire.com,904,Research and Development
234,Michel,Female,mdevote6h@adobe.com,391,Marketing
235,Codi,Male,corvis6i@nih.gov,921,Product Management
236,Laureen,Female,lballs6j@imageshack.us,572,Accounting
237,Ashlin,Male,asprey6k@icq.com,898,Business Development
238,Kerstin,Male,kaizikovich6l@house.gov,605,Engineering
239,Fania,Female,fadriani6m@bravesites.com,724,Business Development
240,Susannah,Male,sdambrosio6n@bbb.org,334,Services
241,Paxon,Male,prichley6o@sogou.com,209,Legal
242,Cordell,Female,chorsell6p@chronoengine.com,411,Legal
243,Gweneth,Male,gcerman6q@tamu.edu,232,Training
244,Mariellen,Female,mmartinat6r@yolasite.com,41,Sales
245,Tallia,Male,tauton6s@google.it,55,Research and Development
246,Syman,Female,swest6t@nps.gov,384,Product Management
247,Darla,Male,dpetrik6u@dailymotion.com,939,Engineering
248,Vinni,Female,vkilpatrick6v@opera.com,759,Engineering
249,Giff,Female,ggourdon6w@seesaa.net,150,Product Management
250,Alysia,Male,agraveston6x@ifeng.com,120,Research and Development
251,Selle,Female,scabrara6y@shareasale.com,168,Engineering
252,Clerc,Female,ccoltman6z@adobe.com,441,Training
253,Carie,Female,ceastmond70@exblog.jp,997,Engineering
254,Bradan,Female,bopdenort71@amazon.com,553,Services
255,Felita,Male,flethley72@infoseek.co.jp,348,Sales
256,Minna,Male,mguilloton73@wordpress.org,642,Business Development
257,Yvette,Female,ysimonsen74@theatlantic.com,683,Product Management
258,Korey,Male,kbarday75@independent.co.uk,922,Research and Development
259,Gerrard,Male,ggilogly76@ca.gov,282,Human Resources
260,Ethelbert,Male,emcgeneay77@mit.edu,1000,Accounting
261,Marice,Female,mpanchen78@ifeng.com,878,Human Resources
262,Faythe,Female,formistone79@walmart.com,996,Business Development
263,Feliks,Male,fheilds7a@baidu.com,471,Human Resources
264,Teodora,Female,twhitmarsh7b@cnn.com,576,Training
265,Delphinia,Female,dmicco7c@tripadvisor.com,697,Accounting
266,Sapphira,Female,svenard7d@ameblo.jp,417,Product Management
267,Barnaby,Male,bbuckner7e@tinyurl.com,395,Training
268,Oralla,Male,ocamelli7f@jigsy.com,743,Marketing
269,Ben,Male,bbuttrey7g@google.nl,902,Accounting
270,Zara,Male,zballach7h@shinystat.com,776,Legal
271,Trula,Male,twyvill7i@tripadvisor.com,881,Engineering
272,Adriane,Female,aparsisson7j@chron.com,133,Sales
273,Nestor,Female,nguitonneau7k@usgs.gov,457,Accounting
274,Lydie,Female,lisoldi7l@indiegogo.com,826,Marketing
275,Kenyon,Male,kkaplin7m@cbslocal.com,807,Human Resources
276,Agosto,Female,anewcomen7n@ibm.com,567,Training
277,Hector,Male,hateggart7o@chronoengine.com,961,Sales
278,Bryon,Male,bkluger7p@instagram.com,225,Training
279,Tobe,Male,tisitt7q@harvard.edu,982,Accounting
280,Brandais,Female,btoner7r@ucoz.ru,618,Product Management
281,Aubry,Male,asigert7s@blog.com,190,Training
282,Tulley,Male,tkohrs7t@google.it,559,Engineering
283,Dierdre,Male,djeavons7u@webeden.co.uk,237,Training
284,Arvy,Female,awidmore7v@who.int,782,Business Development
285,Harrietta,Male,hnewlan7w@dropbox.com,513,Product Management
286,Farlie,Female,fandreassen7x@cnn.com,264,Accounting
287,Rozanna,Male,rrosenberg7y@apple.com,627,Accounting
288,Cherice,Male,cskillicorn7z@lycos.com,38,Support
289,Marshall,Female,mmallion80@ask.com,127,Business Development
290,Emelda,Female,ebalsillie81@google.it,578,Product Management
291,Raimondo,Female,rbellino82@apache.org,378,Accounting
292,Freddy,Female,fodney83@reference.com,12,Business Development
293,Poppy,Female,pevery84@sohu.com,881,Product Management
294,Shaun,Male,swittman85@aboutads.info,121,Support
295,Danit,Female,dthripp86@desdev.cn,857,Legal
296,Burnard,Male,bluchetti87@redcross.org,811,Sales
297,Ryann,Female,rgrewcock88@youtu.be,743,Engineering
298,Cart,Male,crichards89@ebay.co.uk,290,Sales
299,Eadmund,Female,esmail8a@foxnews.com,459,Services
300,Aridatha,Male,adurnford8b@symantec.com,787,Engineering
301,Tanhya,Male,tfairney8c@amazon.co.uk,462,Research and Development
302,Nefen,Female,npammenter8d@pagesperso-orange.fr,251,Services
303,Tris,Female,tlarrington8e@who.int,142,Sales
304,Chloe,Female,cnana8f@quantcast.com,969,Marketing
305,Jacobo,Female,jcristofolo8g@guardian.co.uk,675,Engineering
306,Collette,Female,ccroxton8h@biglobe.ne.jp,970,Accounting
307,Madelon,Female,mruddick8i@sphinn.com,220,Services
308,Tammy,Male,talchin8j@sitemeter.com,31,Engineering
309,Carlen,Male,ccheney8k@gov.uk,828,Research and Development
310,Dinah,Male,dgoodlet8l@wikipedia.org,798,Engineering
311,Vanessa,Male,velijah8m@amazon.co.uk,817,Marketing
312,Kaycee,Male,kfeye8n@washingtonpost.com,985,Marketing
313,Nadine,Female,njanota8o@soundcloud.com,84,Training
314,Burtie,Female,bmarquis8p@wsj.com,299,Sales
315,Emmalee,Female,ecotter8q@vinaora.com,769,Training
316,Nelli,Female,nherries8r@examiner.com,359,Product Management
317,Bell,Female,bhalbeard8s@biglobe.ne.jp,387,Accounting
318,Vernon,Male,vislep8t@nytimes.com,738,Services
319,Darsey,Male,dmosedill8u@bravesites.com,796,Product Management
320,Randee,Female,rebenezer8v@feedburner.com,475,Sales
321,Virgie,Female,vmaddyson8w@themeforest.net,959,Support
322,Koressa,Female,ktremlett8x@gov.uk,115,Human Resources
323,Pennie,Female,ptoghill8y@sfgate.com,604,Legal
324,Janine,Female,jblench8z@angelfire.com,78,Research and Development
325,Chantal,Male,ccessford90@lulu.com,357,Business Development
326,Lotty,Male,lbownd91@scientificamerican.com,490,Human Resources
327,Tadio,Male,troft92@goo.gl,12,Research and Development
328,Jeniece,Male,jmcnickle93@usa.gov,511,Engineering
329,Barby,Male,bstonbridge94@biblegateway.com,157,Research and Development
330,Magnum,Male,mturbill95@addtoany.com,178,Support
331,Beverie,Male,beastham96@yandex.ru,551,Training
332,Miquela,Female,mgraver97@free.fr,15,Human Resources
333,Wendie,Male,wlaetham98@netvibes.com,916,Training
334,Karyn,Female,klacroce99@woothemes.com,261,Engineering
335,Tish,Female,tquaif9a@utexas.edu,959,Research and Development
336,Antonetta,Male,apagram9b@apache.org,825,Research and Development
337,Mikaela,Male,mgoldsworthy9c@exblog.jp,728,Engineering
338,Horton,Male,hstandering9d@dmoz.org,358,Services
339,Freida,Female,fkarpmann9e@bloglines.com,100,Training
340,Faunie,Male,fnavaro9f@t.co,567,Training
341,Basil,Male,bdarlison9g@webmd.com,57,Human Resources
342,Beale,Male,bdeeth9h@about.com,577,Legal
343,Darlene,Male,dwiltshier9i@reddit.com,271,Marketing
344,Florinda,Female,ftrattles9j@vkontakte.ru,268,Services
345,Reiko,Female,rwhodcoat9k@skype.com,417,Product Management
346,Jaime,Male,jdumingo9l@answers.com,630,Accounting
347,Norine,Female,nliddyard9m@hugedomains.com,670,Human Resources
348,Hillier,Female,hhendrichs9n@newyorker.com,117,Support
349,Etienne,Male,etune9o@sitemeter.com,383,Accounting
350,Nyssa,Female,nwaumsley9p@dedecms.com,44,Services
351,Constancia,Female,cbalshaw9q@bbb.org,772,Marketing
352,Mirabelle,Male,mgiuron9r@cdc.gov,272,Business Development
353,Jonas,Female,jpauer9s@gizmodo.com,747,Marketing
354,Gaultiero,Female,golekhov9t@usa.gov,103,Training
355,Jacqueline,Female,jchiverstone9u@webmd.com,554,Research and Development
356,Tan,Female,twillingale9v@e-recht24.de,330,Services
357,Lorilee,Male,lthomazin9w@g.co,732,Legal
358,Kathy,Male,kgrundwater9x@edublogs.org,536,Accounting
359,Valma,Female,vburlingham9y@blogtalkradio.com,328,Human Resources
360,Gabey,Female,gfirmager9z@youtube.com,586,Sales
361,Veronike,Male,vfeavioura0@dagondesign.com,199,Services
362,Leonore,Male,lleggisa1@bizjournals.com,120,Sales
363,Bryanty,Male,bbaudinoa2@hugedomains.com,660,Engineering
364,Lanae,Female,lsimukova3@google.com.au,637,Marketing
365,Simmonds,Female,smarksa4@fema.gov,414,Human Resources
366,Daniella,Female,dribbona5@patch.com,26,Legal
367,Kinsley,Female,kjillarda6@sphinn.com,528,Services
368,Duff,Male,dbrownseaa7@live.com,310,Support
369,Brittni,Female,bcamelina8@techcrunch.com,790,Legal
370,Howie,Male,hkubaceka9@about.me,759,Legal
371,Jandy,Female,jkistingaa@go.com,932,Support
372,Augustine,Male,akettridgeab@comsenz.com,627,Research and Development
373,Germain,Male,gwilkesac@hubpages.com,152,Human Resources
374,Sara,Female,ssleighad@google.pl,559,Research and Development
375,Loree,Male,lstanawayae@cbc.ca,591,Legal
376,Angie,Female,acapronaf@forbes.com,476,Engineering
377,Erma,Female,ecourageag@craigslist.org,485,Business Development
378,Jorey,Female,jtreaceah@barnesandnoble.com,406,Support
379,Oriana,Male,omckenneyai@squidoo.com,606,Engineering
380,Merrilee,Male,mtremouletaj@cyberchimps.com,823,Services
381,Freemon,Male,fgrayneak@chicagotribune.com,446,Training
382,Quentin,Male,qklulikal@admin.ch,665,Accounting
383,Cairistiona,Male,ccountam@samsung.com,19,Product Management
384,Nerti,Male,nbakewellan@admin.ch,301,Engineering
385,Darnell,Male,dcoxwellao@google.de,355,Research and Development
386,Herrick,Female,hstorekap@ucla.edu,877,Services
387,Evvy,Female,eianniaq@github.io,48,Support
388,Ruperta,Female,rabdiear@patch.com,939,Product Management
389,Ethelred,Female,ebristoweas@360.cn,749,Sales
390,Kristian,Female,kpooltonat@ted.com,560,Business Development
391,Camille,Female,cmawerau@house.gov,626,Business Development
392,Ailyn,Female,agrigsonav@1und1.de,342,Sales
393,Eberto,Male,esilveraw@parallels.com,886,Sales
394,Stephie,Female,sbraveax@youtu.be,329,Human Resources
395,Mata,Male,minskippay@hostgator.com,505,Sales
396,Cherlyn,Female,cmannionaz@angelfire.com,570,Human Resources
397,Beverlee,Female,bbarkeb0@admin.ch,582,Sales
398,Normie,Female,nmahaddieb1@last.fm,853,Legal
399,Nola,Male,nbenettolob2@sogou.com,362,Research and Development
400,Parke,Male,pwincottb3@comcast.net,643,Product Management
401,Adam,Female,afazakerleyb4@godaddy.com,639,Training
402,Myrvyn,Male,mdutnellb5@1688.com,688,Sales
403,Lambert,Female,llenthallb6@google.it,776,Engineering
404,Trixy,Female,tantonb7@google.com.hk,982,Marketing
405,Dex,Male,dbernthb8@jugem.jp,319,Business Development
406,Stearne,Female,sdeluceb9@google.com.br,452,Research and Development
407,Tiertza,Male,tkynderba@lulu.com,138,Training
408,Kimbra,Male,kleydonbb@shareasale.com,330,Services
409,Lorne,Female,ldillawaybc@lulu.com,213,Legal
410,Kris,Female,kagiusbd@infoseek.co.jp,175,Marketing
411,James,Male,jwinterbornebe@fc2.com,137,Human Resources
412,Kathe,Male,khablotbf@wufoo.com,876,Research and Development
413,Tiff,Female,tmamwellbg@uol.com.br,861,Services
414,Barty,Male,bgallardobh@indiatimes.com,615,Business Development
415,Ches,Female,cclerybi@biglobe.ne.jp,352,Product Management
416,Debee,Male,dkarusbj@technorati.com,71,Business Development
417,Nadine,Female,nellingsworthbk@posterous.com,607,Services
418,Nonie,Female,nfrancebl@jalbum.net,792,Business Development
419,Gibby,Female,galfonsettibm@economist.com,286,Research and Development
420,Elfrieda,Female,erutherforthbn@webnode.com,237,Services
421,Orella,Female,orozzellbo@archive.org,663,Legal
422,Lynnea,Male,lgoudardbp@house.gov,232,Legal
423,Imelda,Male,imiskinbq@themeforest.net,240,Business Development
424,Clotilda,Male,cradclyffebr@about.com,1,Sales
425,Rubi,Male,rparsallbs@dagondesign.com,749,Services
426,Fern,Female,fhornigbt@homestead.com,69,Legal
427,Mommy,Female,mmacveanbu@eventbrite.com,547,Engineering
428,Ingeberg,Male,iliddiardbv@chronoengine.com,586,Accounting
429,Roderick,Female,rohanveybw@youku.com,336,Sales
430,Anatollo,Male,abatsonbx@samsung.com,862,Services
431,Bradan,Female,bdruganby@jimdo.com,384,Research and Development
432,Mata,Female,msimionatobz@scientificamerican.com,578,Legal
433,Timotheus,Male,tthreadgallc0@ycombinator.com,268,Training
434,Hobey,Male,hpattersonc1@cisco.com,354,Business Development
435,Chiquia,Female,cgatelyc2@alibaba.com,116,Marketing
436,Adelice,Male,aposnettec3@ovh.net,133,Accounting
437,Rosa,Female,rledwichc4@earthlink.net,353,Training
438,Dallas,Male,dbullarc5@goodreads.com,809,Training
439,Randy,Male,rgummoryc6@purevolume.com,157,Sales
440,Isak,Female,ihaggiec7@goo.gl,867,Legal
441,Hyacinthia,Male,htamburoc8@patch.com,895,Legal
442,Beret,Male,bdewanc9@narod.ru,413,Human Resources
443,Estelle,Female,ehouriganca@shareasale.com,996,Training
444,Preston,Female,pantoniakcb@springer.com,897,Support
445,Fulvia,Male,fgurnercc@timesonline.co.uk,147,Legal
446,Melvyn,Female,mhandlincd@cam.ac.uk,451,Accounting
447,Marys,Female,mspranklingce@usatoday.com,347,Marketing
448,Garrot,Male,gjatczakcf@mozilla.org,414,Human Resources
449,Arlene,Male,apatriecg@goo.gl,651,Research and Development
450,Louise,Female,landresch@cargocollective.com,464,Accounting
451,Winni,Female,wgeorgeauci@sourceforge.net,205,Support
452,Fancy,Male,fwalkdencj@java.com,279,Engineering
453,Artie,Male,araithck@taobao.com,369,Engineering
454,Harbert,Male,hgledecl@blogspot.com,543,Product Management
455,Mart,Female,mrussellcm@qq.com,786,Support
456,Keene,Male,kduckercn@nasa.gov,845,Sales
457,Aurilia,Male,afruserco@chicagotribune.com,186,Product Management
458,Chan,Female,creubencp@mapy.cz,515,Accounting
459,Wynne,Male,wcauleycq@google.fr,1,Marketing
460,Arleyne,Male,amorvillecr@multiply.com,322,Marketing
461,Livia,Female,lcrehancs@indiegogo.com,630,Research and Development
462,Mellisent,Male,mnellesct@nymag.com,817,Legal
463,Tyrone,Male,tkellscu@dion.ne.jp,667,Training
464,Noell,Female,nlemarchantcv@bluehost.com,349,Marketing
465,Kathryn,Female,kdenningcw@ehow.com,834,Business Development
466,Donella,Female,dkeastcx@hp.com,952,Training
467,Marjorie,Male,mboobyercy@last.fm,354,Engineering
468,Cirillo,Female,cempletoncz@yahoo.co.jp,279,Human Resources
469,Cathie,Female,cdifrancescod0@flickr.com,74,Human Resources
470,Nikolai,Female,nnutbeemd1@sbwire.com,131,Human Resources
471,Birk,Male,btattersilld2@techcrunch.com,731,Engineering
472,George,Male,gstarmerd3@boston.com,722,Services
473,Zita,Male,ziddond4@wordpress.org,769,Human Resources
474,Robbert,Female,rlorensd5@vistaprint.com,79,Human Resources
475,Teresina,Male,tnewcombd6@myspace.com,551,Product Management
476,Baldwin,Female,bgerattd7@edublogs.org,818,Training
477,Auberta,Male,ahixsond8@census.gov,809,Marketing
478,Bearnard,Male,bemminesd9@google.ru,565,Services
479,Rani,Female,rdewaneda@lulu.com,415,Support
480,Maje,Female,mloftiedb@guardian.co.uk,65,Support
481,Willard,Male,wmcalldc@abc.net.au,689,Product Management
482,Chiarra,Female,cdaughtreydd@independent.co.uk,995,Human Resources
483,Hayden,Male,hheatonde@hao123.com,110,Training
484,Donella,Female,dprandydf@vinaora.com,22,Human Resources
485,Kayley,Male,kyarmouthdg@shareasale.com,960,Support
486,Audi,Female,astpauldh@sourceforge.net,113,Human Resources
487,Corrinne,Female,clarretdi@virginia.edu,321,Human Resources
488,Josi,Male,jgresdj@cnbc.com,300,Accounting
489,Morey,Male,mthreadgoulddk@dailymail.co.uk,1,Engineering
490,Fanya,Female,fmussendl@bbc.co.uk,39,Human Resources
491,Zonda,Female,zkersleydm@nhs.uk,500,Human Resources
492,Chrisse,Female,ccadremandn@state.tx.us,722,Marketing
493,Godfry,Male,ghewinsdo@arizona.edu,239,Product Management
494,Esma,Male,escahilldp@wordpress.org,256,Engineering
495,Falkner,Male,fharrilddq@ovh.net,670,Legal
496,Andie,Female,astollwerkdr@people.com.cn,611,Legal
497,Christel,Female,cupstoneds@dyndns.org,241,Services
498,Celeste,Male,cygoedt@usatoday.com,409,Accounting
499,Vincent,Female,vlivezleydu@sourceforge.net,897,Training
500,Flin,Male,fbentinckdv@list-manage.com,533,Training
501,Christiane,Female,cattriedw@sun.com,59,Support
502,Celka,Male,cmckeefrydx@statcounter.com,885,Business Development
503,Brendan,Female,bzorenerdy@networksolutions.com,632,Legal
504,Caroline,Female,clowdianedz@noaa.gov,916,Legal
505,Zia,Female,zstratleye0@ustream.tv,639,Services
506,Yorgos,Female,yovesene1@nytimes.com,49,Engineering
507,Jock,Female,jwedderburne2@stanford.edu,723,Legal
508,Claudine,Female,cblackledgee3@prweb.com,642,Marketing
509,Stacia,Female,swarhame4@stanford.edu,794,Accounting
510,Edan,Female,ekilbridee5@alibaba.com,3,Engineering
511,Lynnea,Male,lcawsee6@phoca.cz,204,Engineering
512,La verne,Female,lcharrette7@npr.org,851,Research and Development
513,Jeffrey,Female,jmoscone8@seattletimes.com,402,Engineering
514,Kippie,Male,kbudleighe9@pen.io,585,Engineering
515,Suellen,Female,sperksea@intel.com,720,Engineering
516,Kamila,Female,kbustoneb@cocolog-nifty.com,419,Legal
517,Briggs,Male,binmettec@bandcamp.com,45,Engineering
518,Lemmie,Male,ltintoed@dedecms.com,559,Research and Development
519,Dreddy,Female,dyushmanovee@npr.org,754,Support
520,Thedrick,Female,tovingtonef@blogger.com,578,Accounting
521,Lynna,Male,lguytoneg@digg.com,527,Legal
522,Katina,Female,kstegeleh@time.com,447,Human Resources
523,Cindie,Female,cblackshawei@exblog.jp,732,Product Management
524,Brunhilda,Male,bfromentej@hugedomains.com,132,Marketing
525,Dexter,Male,dgrzesiakek@house.gov,409,Engineering
526,Marcile,Male,mmullinel@accuweather.com,332,Services
527,Harv,Female,hjozsefem@spiegel.de,811,Training
528,Leonardo,Male,lwillersen@github.com,733,Research and Development
529,Gayle,Female,gborneo@typepad.com,744,Training
530,Melony,Female,mosbandep@amazon.com,301,Marketing
531,Nathaniel,Female,nvasilyeveq@nymag.com,524,Accounting
532,Gwen,Male,gsmitherer@nhs.uk,292,Support
533,Elyse,Female,estodees@a8.net,830,Services
534,Berky,Male,boreillyet@pcworld.com,273,Business Development
535,Creighton,Male,callflatteu@sina.com.cn,377,Training
536,Kean,Male,kzammittev@unicef.org,749,Support
537,Isidor,Male,ischierschew@hhs.gov,458,Training
538,Jami,Female,jmatthessenex@blinklist.com,388,Services
539,Horton,Female,hivanchovey@umn.edu,225,Engineering
540,Mattheus,Female,mmaleneyez@dyndns.org,409,Human Resources
541,Hamil,Male,hroof0@tinypic.com,964,Legal
542,Hilary,Female,hmchargf1@google.nl,252,Accounting
543,Esta,Male,eodalyf2@shinystat.com,545,Human Resources
544,Merrel,Female,mbowskillf3@nifty.com,685,Training
545,Heriberto,Male,hburchellf4@jimdo.com,511,Accounting
546,Kathie,Male,kbriggf5@mashable.com,546,Training
547,Malissa,Male,mvearf6@ox.ac.uk,691,Product Management
548,Hillel,Male,hwaghornf7@tinyurl.com,781,Support
549,Regan,Male,rcolletf8@is.gd,7,Training
550,Isabelita,Female,icalteronef9@typepad.com,326,Business Development
551,Hildegarde,Male,hemneyfa@bloomberg.com,770,Product Management
552,Inge,Male,imessierfb@freewebs.com,994,Training
553,Barbabas,Female,bomullallyfc@wp.com,474,Research and Development
554,Fowler,Female,fnovellofd@cnbc.com,223,Business Development
555,Cathi,Female,ccrapperfe@dyndns.org,665,Marketing
556,Sabine,Male,ssautterff@amazon.co.jp,959,Support
557,Minne,Male,mhallmarkfg@spiegel.de,73,Legal
558,Phip,Female,pgrenkovfh@bluehost.com,368,Human Resources
559,Tiebold,Female,tmaronfi@cargocollective.com,623,Product Management
560,Alana,Male,achalfantfj@cbc.ca,797,Business Development
561,Irving,Male,itorettafk@bbc.co.uk,468,Research and Development
562,Welch,Male,worridgefl@cyberchimps.com,490,Research and Development
563,Roseline,Female,rjulefffm@fda.gov,225,Research and Development
564,Stevy,Male,sdinsdalefn@usda.gov,697,Services
565,Denny,Male,ddaintreefo@reddit.com,54,Marketing
566,Netta,Male,nponsfordfp@mtv.com,716,Accounting
567,Neall,Male,ntyronefq@opera.com,101,Business Development
568,Katti,Female,karmatagefr@usatoday.com,140,Accounting
569,Gipsy,Female,gebanksfs@privacy.gov.au,946,Business Development
570,Becca,Female,bliddicoatft@wikipedia.org,48,Research and Development
571,Boony,Male,bsjollemafu@privacy.gov.au,13,Support
572,Petunia,Male,praffinfv@angelfire.com,108,Research and Development
573,Inna,Male,iladdfw@instagram.com,651,Product Management
574,Lorri,Female,lnittifx@vk.com,861,Marketing
575,Bidget,Female,bbottomleyfy@businessinsider.com,874,Legal
576,Cristin,Female,coverillfz@chron.com,578,Services
577,Tamarra,Male,tmephang0@tripod.com,521,Product Management
578,Maje,Female,mpearceg1@ted.com,745,Product Management
579,Edythe,Female,ekemellg2@upenn.edu,785,Marketing
580,Morissa,Female,mmatejkag3@google.fr,458,Services
581,Webb,Male,wexelbyg4@webnode.com,545,Legal
582,Hillery,Female,hlarciereg5@earthlink.net,389,Support
583,Mark,Female,mtomsug6@behance.net,874,Support
584,Vittoria,Female,vifflandg7@goo.gl,995,Business Development
585,Worth,Female,wolorenshawg8@soundcloud.com,150,Research and Development
586,Clim,Female,cbrideg9@w3.org,853,Research and Development
587,Lise,Female,ltregidgoga@aol.com,4,Accounting
588,Marline,Male,mguiraugb@washingtonpost.com,5,Support
589,Heidi,Female,hsorleygc@china.com.cn,39,Human Resources
590,Wood,Male,wstruangd@mac.com,599,Legal
591,Magdalene,Male,mhrusge@linkedin.com,877,Accounting
592,Jean,Female,jgabbygf@istockphoto.com,879,Human Resources
593,Domeniga,Female,dgauchegg@sitemeter.com,524,Product Management
594,Donielle,Female,ddrewsgh@google.com.hk,445,Marketing
595,Lemuel,Male,lsivesgi@yelp.com,969,Human Resources
596,Celinda,Female,cjohnikingj@columbia.edu,447,Business Development
597,Buiron,Male,borpynegk@bravesites.com,876,Engineering
598,Krystalle,Female,kblatherwickgl@sina.com.cn,135,Product Management
599,Berny,Female,bsteedmangm@salon.com,813,Research and Development
600,Montgomery,Male,mcubuzzign@jimdo.com,332,Product Management
601,Berry,Male,bgidmango@xing.com,168,Legal
602,Elmer,Female,ehillengp@prlog.org,176,Human Resources
603,Benn,Male,bcoultardgq@wisc.edu,863,Training
604,Salmon,Male,smattsongr@si.edu,955,Training
605,Nita,Female,ncastellanigs@admin.ch,609,Services
606,Almeria,Male,acamillerigt@apache.org,468,Accounting
607,Lynda,Male,lcranstonegu@prnewswire.com,806,Human Resources
608,Andrey,Male,ajeannelgv@devhub.com,995,Human Resources
609,Dodi,Female,damergw@xrea.com,584,Engineering
610,Agustin,Male,aumangx@ebay.com,744,Research and Development
611,Fremont,Male,fbaughengy@rediff.com,653,Legal
612,Luciano,Female,llitstergz@prnewswire.com,232,Accounting
613,Solomon,Female,sfinlayh0@buzzfeed.com,874,Business Development
614,Lawton,Female,lbonifanth1@multiply.com,938,Engineering
615,Bernette,Female,bmanassh2@cdbaby.com,626,Engineering
616,Isidore,Male,ideyesh3@amazon.co.jp,838,Product Management
617,Laraine,Male,lalgyh4@marriott.com,193,Legal
618,Byrom,Male,bmusellih5@storify.com,967,Support
619,Rey,Male,rcorradettih6@va.gov,972,Product Management
620,Jayme,Male,jdurhamh7@addthis.com,46,Business Development
621,Joli,Female,jfisheh8@cnbc.com,111,Research and Development
622,Spenser,Female,sgannanh9@typepad.com,911,Services
623,Hodge,Male,hsiggha@dell.com,169,Sales
624,Blithe,Female,bmcgarrityhb@addtoany.com,395,Training
625,Garrick,Female,gskilletthc@sun.com,495,Engineering
626,Owen,Female,oblosehd@yandex.ru,213,Business Development
627,Lorrie,Male,ldominicihe@github.io,173,Sales
628,Izaak,Female,imouathf@flavors.me,176,Marketing
629,Jodie,Male,jjanneyhg@miitbeian.gov.cn,298,Legal
630,Oona,Female,oaartsenhh@sourceforge.net,707,Business Development
631,Waneta,Female,wileshi@abc.net.au,838,Training
632,Florry,Female,fglasheenhj@hhs.gov,1,Sales
633,Alica,Male,aattkinshk@domainmarket.com,297,Business Development
634,Elizabet,Female,eyacobsohnhl@hugedomains.com,508,Services
635,Bondie,Male,btargetthm@chicagotribune.com,744,Accounting
636,Derry,Male,dsandwithhn@virginia.edu,952,Training
637,Eilis,Female,enerneho@economist.com,133,Training
638,Minna,Female,maskawhp@ft.com,878,Legal
639,Giffy,Male,gmcorkilhq@epa.gov,266,Services
640,Nerissa,Male,nstickellshr@reverbnation.com,471,Marketing
641,Beret,Female,bgauvainhs@slate.com,337,Accounting
642,Cristian,Female,cdutnallht@dion.ne.jp,272,Support
643,Liuka,Male,lagutterhu@patch.com,620,Accounting
644,Horacio,Female,hjerischhv@hubpages.com,714,Research and Development
645,Adorne,Male,ahindgehw@dropbox.com,732,Product Management
646,Zandra,Male,znorwoodhx@amazon.com,225,Business Development
647,Margaux,Female,medlinhy@mayoclinic.com,655,Services
648,Silvana,Female,sdorwoodhz@pcworld.com,803,Human Resources
649,Rolland,Female,rfanshawi0@apple.com,798,Support
650,Krista,Female,kcopneri1@disqus.com,610,Services
651,Aleksandr,Male,ainoldi2@alexa.com,442,Product Management
652,Aubry,Female,avanschafflaeri3@adobe.com,211,Sales
653,Candice,Female,ckalaheri4@soundcloud.com,381,Human Resources
654,Judas,Female,jmincinii5@desdev.cn,560,Training
655,Marje,Male,mheinemanni6@uiuc.edu,457,Sales
656,Elinor,Female,emichellei7@surveymonkey.com,490,Sales
657,Geneva,Male,gbettenayi8@ebay.co.uk,35,Accounting
658,Farra,Male,fvondraseki9@clickbank.net,245,Services
659,Josy,Female,jbuftonia@squidoo.com,690,Support
660,Kare,Female,kingremib@seesaa.net,523,Marketing
661,Madelena,Male,mpinsentic@goo.gl,446,Product Management
662,Hurlee,Male,hlodwigid@a8.net,851,Accounting
663,Rogerio,Male,rnovelliie@cnet.com,964,Research and Development
664,Fransisco,Male,fpenteloif@cam.ac.uk,1000,Human Resources
665,Tilda,Female,tmeyerig@gizmodo.com,175,Sales
666,Ewart,Male,ecornehlih@reverbnation.com,183,Support
667,Corbin,Male,cdealtryii@last.fm,587,Marketing
668,Cati,Female,cgebbij@moonfruit.com,654,Training
669,Raquela,Female,rgolsonik@ebay.co.uk,906,Legal
670,Augustine,Male,ahatliffil@whitehouse.gov,234,Business Development
671,Regina,Male,rseligsonim@paypal.com,884,Engineering
672,Rich,Female,rvalettin@opensource.org,89,Support
673,Stacee,Male,showenio@spotify.com,745,Sales
674,Zaria,Male,zrutlandip@discuz.net,866,Sales
675,Bern,Female,blanceleyiq@mozilla.com,880,Support
676,Rhody,Male,rcristofoloir@gmpg.org,720,Engineering
677,Patton,Female,pwharinis@baidu.com,923,Marketing
678,Scottie,Female,ssteutlyit@pagesperso-orange.fr,927,Product Management
679,Hal,Male,htothiu@auda.org.au,315,Business Development
680,Fanny,Male,fkeeliv@istockphoto.com,837,Legal
681,Dana,Female,dmordaniw@umn.edu,889,Research and Development
682,Eliza,Male,eforkerix@ebay.co.uk,668,Business Development
683,Kellen,Female,klamckeniy@aboutads.info,263,Business Development
684,Lynnelle,Female,ldockrilliz@npr.org,831,Legal
685,Kata,Male,kstonuaryj0@bluehost.com,424,Business Development
686,Shell,Male,slebelj1@e-recht24.de,931,Support
687,Kristina,Female,kiviej2@auda.org.au,177,Sales
688,Wendi,Female,wwillersj3@google.es,606,Services
689,Audra,Female,aramirezj4@theglobeandmail.com,840,Legal
690,Dorene,Female,dsparlingj5@wisc.edu,945,Marketing
691,Erek,Female,eyesichevj6@ebay.co.uk,550,Engineering
692,Corabella,Female,cdixceyj7@usnews.com,159,Engineering
693,Ambrosius,Male,aiacobassij8@yelp.com,376,Engineering
694,Harli,Male,hswadlenj9@globo.com,363,Marketing
695,Mace,Female,milyinja@go.com,693,Accounting
696,Darb,Male,deckersleyjb@wsj.com,770,Business Development
697,Marlowe,Female,mhowshipjc@booking.com,114,Accounting
698,Balduin,Female,bshoorbrookejd@sfgate.com,206,Research and Development
699,Lottie,Female,lshipcottje@qq.com,21,Training
700,Joan,Female,jgorgljf@phoca.cz,208,Legal
701,Miner,Male,mpolendinejg@fda.gov,595,Human Resources
702,Deloris,Female,dgrandjh@blogger.com,231,Marketing
703,Barrie,Female,bgodfreeji@addtoany.com,442,Services
704,Georas,Female,gsymcockjj@usnews.com,215,Training
705,Ddene,Male,diacomojk@taobao.com,461,Support
706,Zsazsa,Male,zparamanjl@icio.us,965,Marketing
707,Tierney,Male,tforstalljm@netlog.com,453,Research and Development
708,Nita,Female,nscarsbrickjn@wordpress.com,192,Services
709,Homer,Female,hcoffeejo@ning.com,832,Support
710,Kissee,Male,kgreeninjp@webeden.co.uk,49,Support
711,Mabelle,Male,mpllujq@nsw.gov.au,837,Training
712,Maud,Female,mvonnassaujr@vk.com,898,Human Resources
713,Nellie,Male,nclealljs@cocolog-nifty.com,445,Legal
714,Aylmer,Male,asherwenjt@yellowbook.com,204,Human Resources
715,Kayley,Male,ksamwaysju@weibo.com,479,Training
716,Rubi,Male,rrossijv@nydailynews.com,860,Services
717,Westbrooke,Male,wstaplefordjw@netvibes.com,672,Engineering
718,Katusha,Female,kbysshejx@mashable.com,199,Sales
719,Hadlee,Female,hkiljanjy@webnode.com,476,Product Management
720,Sallee,Male,sbrookfieldjz@squarespace.com,499,Training
721,Kev,Male,kpiochk0@ebay.com,764,Training
722,Dag,Male,dlaffank1@godaddy.com,575,Support
723,Gweneth,Female,gpadberyk2@biglobe.ne.jp,682,Marketing
724,Hally,Male,hfirmink3@mediafire.com,513,Marketing
725,Arther,Male,abedinnk4@acquirethisname.com,715,Product Management
726,Tam,Female,tdwelleyk5@ustream.tv,49,Research and Development
727,Florri,Female,fkesonk6@stanford.edu,139,Human Resources
728,Rosina,Male,rpargentk7@mayoclinic.com,422,Research and Development
729,Rock,Male,rcartledgek8@unicef.org,544,Accounting
730,Kurtis,Male,kvigusk9@fastcompany.com,464,Product Management
731,Karleen,Male,kwrateka@ycombinator.com,113,Research and Development
732,Bekki,Male,bcoalbrankb@paginegialle.it,29,Product Management
733,Jessie,Male,jspillardkc@noaa.gov,345,Accounting
734,Sheeree,Male,stidcombekd@cornell.edu,583,Legal
735,Alfi,Female,ahinzeke@icio.us,822,Product Management
736,Eleanora,Female,eeddisforthkf@wikia.com,239,Marketing
737,Ricard,Female,rbaloghkg@spotify.com,637,Sales
738,Ileana,Male,ipietruschkakh@ca.gov,812,Sales
739,Halsy,Male,hpillingerki@tamu.edu,945,Training
740,Madel,Female,mdurtnallkj@abc.net.au,761,Business Development
741,Clemmy,Male,cprotherokk@jigsy.com,500,Marketing
742,Nelson,Male,ngandeykl@examiner.com,337,Product Management
743,Germayne,Female,gresunkm@java.com,826,Human Resources
744,Abram,Male,aleonidakn@thetimes.co.uk,117,Product Management
745,Bailey,Male,bbrockwayko@tamu.edu,961,Support
746,Norbert,Female,nallseppkp@sun.com,173,Sales
747,Jerrie,Male,jbullentkq@go.com,960,Marketing
748,Upton,Female,ushrubsallkr@alibaba.com,459,Sales
749,Lauren,Female,lloyntonks@sciencedaily.com,613,Research and Development
750,Rog,Male,rmollittkt@bizjournals.com,684,Accounting
751,Marcile,Female,mstebbinsku@is.gd,139,Training
752,Jessica,Male,jbyforthkv@printfriendly.com,196,Research and Development
753,Orville,Male,oenriquezkw@virginia.edu,149,Marketing
754,Jonah,Female,jbengocheakx@nature.com,870,Services
755,Andee,Male,acarnellky@dell.com,422,Training
756,Elisabet,Male,egoschalkkz@cnn.com,356,Research and Development
757,Alejoa,Male,aleithgoel0@columbia.edu,869,Human Resources
758,Winona,Female,wpuddinl1@furl.net,653,Research and Development
759,Allyson,Male,aolenovl2@arizona.edu,449,Product Management
760,Anabel,Female,aalbisserl3@bbb.org,923,Business Development
761,Lonni,Male,lcoganl4@mac.com,458,Training
762,Floris,Female,fhamptonl5@china.com.cn,729,Support
763,Feliks,Female,fstedel6@sphinn.com,202,Product Management
764,Hogan,Female,hhukinsl7@netscape.com,364,Sales
765,Juli,Female,jbrimfieldl8@alexa.com,307,Accounting
766,Dom,Male,dfurlowl9@deliciousdays.com,981,Sales
767,Hobie,Male,hwilliamsonla@wired.com,116,Training
768,Lenard,Male,ldzenisenkalb@irs.gov,889,Support
769,Sher,Male,sbroughamlc@shutterfly.com,169,Services
770,Rafi,Male,rsolowayld@ft.com,884,Legal
771,Max,Male,mdreusle@wp.com,938,Engineering
772,Charlene,Female,ccaddocklf@ow.ly,294,Engineering
773,Zared,Female,zpoznanlg@merriam-webster.com,173,Training
774,Aubrey,Male,ahakeylh@gizmodo.com,959,Legal
775,Patrice,Male,pvickorsli@amazon.co.uk,851,Product Management
776,Nisse,Female,nfencottlj@tinyurl.com,590,Accounting
777,Gert,Female,gstarmorelk@yolasite.com,76,Human Resources
778,Jamison,Female,jcardenosall@yahoo.com,161,Accounting
779,Monique,Male,mcoleyshawlm@miitbeian.gov.cn,449,Engineering
780,Ardys,Female,ahayballln@vistaprint.com,389,Marketing
781,Andria,Female,akahenlo@bloomberg.com,926,Human Resources
782,Ezequiel,Female,emauslp@usnews.com,613,Engineering
783,Burton,Female,biacomilq@washingtonpost.com,104,Marketing
784,Bobine,Male,bvongladbachlr@samsung.com,787,Support
785,Niall,Male,nfranzonellols@amazon.co.uk,370,Human Resources
786,Goraud,Male,genderlelt@statcounter.com,787,Accounting
787,Ginni,Female,gkofaxlu@flavors.me,577,Training
788,Eddy,Male,egutierrezlv@spotify.com,416,Engineering
789,Sibbie,Male,stestrolw@google.co.uk,169,Accounting
790,Jen,Female,jmeakinglx@usatoday.com,498,Training
791,Korella,Male,kajsikly@arizona.edu,757,Support
792,Martyn,Female,mhacunlz@google.ca,376,Support
793,Eva,Female,efacchinim0@msu.edu,241,Engineering
794,Carolin,Male,cfountainem1@wiley.com,640,Support
795,Emili,Male,emcterrym2@xinhuanet.com,151,Marketing
796,Millie,Female,mgeraghtym3@trellian.com,266,Business Development
797,Roi,Female,rgudgionm4@msn.com,419,Sales
798,Billie,Female,bduellm5@nyu.edu,362,Services
799,Cherilyn,Male,cchallinerm6@google.com.au,90,Sales
800,Gaspar,Male,gcollsm7@surveymonkey.com,567,Engineering
801,Diann,Female,dginnellym8@china.com.cn,7,Marketing
802,Karel,Male,kbrolanm9@flavors.me,355,Product Management
803,Pietrek,Male,pmcewenma@hp.com,384,Engineering
804,Reynard,Female,rmatsonmb@ovh.net,318,Sales
805,Eddie,Female,ejemmisonmc@qq.com,196,Engineering
806,Rowe,Male,rcrannachmd@github.io,301,Engineering
807,Anni,Female,azanardiime@rediff.com,77,Engineering
808,Randi,Male,rbrandelmf@usatoday.com,262,Research and Development
809,Jefferson,Female,jthextonmg@deliciousdays.com,173,Research and Development
810,Rachael,Female,rspofforthmh@nbcnews.com,726,Legal
811,Laurens,Female,lbendixenmi@deviantart.com,921,Services
812,Orbadiah,Female,ocockertonmj@feedburner.com,108,Human Resources
813,Darlene,Male,dbishmk@whitehouse.gov,862,Engineering
814,Helenelizabeth,Female,hgianottiml@storify.com,430,Marketing
815,Lorinda,Female,lpinfoldmm@youtube.com,30,Product Management
816,Boone,Female,ballisonmn@ehow.com,421,Accounting
817,Codie,Female,cliepinamo@yelp.com,698,Product Management
818,Annabella,Female,aheaphymp@cbc.ca,153,Business Development
819,Beatrix,Female,bteasermq@phoca.cz,797,Marketing
820,Fields,Male,fchanceliermr@adobe.com,816,Product Management
821,Mireille,Female,mkinetonms@forbes.com,344,Research and Development
822,Danika,Female,dlippettmt@t-online.de,103,Services
823,Schuyler,Male,sbullenemu@dyndns.org,583,Product Management
824,Susie,Male,setchellsmv@oracle.com,160,Services
825,Corine,Female,ccorbertmw@ucla.edu,1000,Product Management
826,Alexa,Male,amillbergmx@springer.com,181,Support
827,Bobbie,Female,btrevenumy@seattletimes.com,284,Support
828,Giles,Male,gsouthcoatmz@washingtonpost.com,868,Business Development
829,Dante,Female,dbrightwelln0@ustream.tv,576,Accounting
830,Demetra,Female,dcarvillen1@opera.com,916,Sales
831,Thorny,Male,tnimmon2@skyrock.com,404,Research and Development
832,Briano,Female,bwallworkn3@google.pl,784,Marketing
833,Carmine,Male,clilien4@va.gov,974,Business Development
834,Thatcher,Male,tmillieren5@blinklist.com,469,Training
835,Zak,Female,zitshakn6@home.pl,510,Services
836,Floris,Female,fnaultyn7@blogtalkradio.com,791,Legal
837,Don,Male,dbirkheadn8@over-blog.com,515,Support
838,Bill,Female,bchettlen9@umn.edu,494,Product Management
839,Thadeus,Male,tlythgoena@samsung.com,126,Research and Development
840,Rosabella,Male,reckhardnb@netlog.com,676,Training
841,Toddie,Male,tlytellnc@joomla.org,132,Business Development
842,Clo,Male,cmortelnd@utexas.edu,293,Services
843,Brinna,Female,bmcrobbiene@e-recht24.de,295,Sales
844,Eva,Female,ephelipnf@prweb.com,795,Research and Development
845,Mattias,Female,mprimeng@berkeley.edu,940,Engineering
846,Hector,Male,hcostonnh@redcross.org,909,Business Development
847,Agustin,Male,akellandni@unesco.org,777,Accounting
848,Lyman,Female,lspridgennj@hc360.com,907,Accounting
849,Aldric,Female,ainchleynk@nbcnews.com,954,Engineering
850,Wat,Female,weddinsnl@freewebs.com,523,Engineering
851,Rodie,Female,rtejeronm@discovery.com,653,Accounting
852,Sebastiano,Male,slomaznn@google.co.jp,683,Services
853,Heinrik,Female,hgeeringno@blinklist.com,930,Business Development
854,Carlos,Female,cbolderonp@ucoz.com,239,Accounting
855,Lodovico,Female,lolonenq@dedecms.com,94,Research and Development
856,Gard,Male,gshawlnr@rediff.com,167,Human Resources
857,Kirsti,Female,kjirickns@scientificamerican.com,31,Legal
858,Meridel,Male,mmadennt@state.tx.us,698,Support
859,Iggie,Male,ilickessnu@pagesperso-orange.fr,684,Marketing
860,Norry,Male,nmcveighnv@eventbrite.com,892,Accounting
861,Ninnette,Female,nmcveaghnw@storify.com,688,Business Development
862,Shay,Male,sboxernx@delicious.com,821,Research and Development
863,Krystyna,Male,kalesinny@about.me,785,Legal
864,Merwin,Female,mminetnz@t.co,934,Services
865,Agnella,Male,awoolfallo0@diigo.com,750,Sales
866,Giffard,Male,ggingleso1@altervista.org,130,Product Management
867,Alyss,Female,aglasscocko2@constantcontact.com,155,Research and Development
868,Christie,Female,csemenso3@noaa.gov,395,Business Development
869,Leonidas,Male,lstauntono4@ifeng.com,107,Sales
870,Eddie,Female,emoorerudo5@who.int,968,Human Resources
871,Nat,Male,nbenardeauo6@zimbio.com,635,Engineering
872,Jennine,Male,jbarhemo7@google.ca,352,Support
873,Petronilla,Female,pogilvieo8@artisteer.com,348,Research and Development
874,Miner,Female,mpontino9@usatoday.com,251,Engineering
875,Fara,Male,fwyrilloa@opera.com,512,Marketing
876,Brandais,Male,bbuxyob@sfgate.com,233,Services
877,Aileen,Male,alatteroc@google.fr,739,Engineering
878,Nathanael,Male,nsummersideod@accuweather.com,538,Support
879,Renelle,Female,rpascoeoe@indiatimes.com,742,Engineering
880,Garth,Male,gmccheyneof@home.pl,997,Engineering
881,Rab,Female,rfrancescottiog@ustream.tv,430,Business Development
882,Laverne,Male,lsuggittoh@reddit.com,399,Human Resources
883,Haley,Female,hmacguireoi@t-online.de,232,Legal
884,Laurena,Female,lschlagmanoj@photobucket.com,118,Research and Development
885,Shelby,Female,sslotok@auda.org.au,162,Support
886,Christophe,Male,colinol@zimbio.com,53,Sales
887,Averil,Female,asysonom@nhs.uk,483,Marketing
888,Alberta,Male,aredhouseon@ucsd.edu,484,Sales
889,Berni,Female,bcandlinoo@boston.com,216,Training
890,Herbie,Female,hfitchewop@nbcnews.com,145,Product Management
891,Raphaela,Male,rhudghtonoq@typepad.com,601,Marketing
892,Osbert,Female,obellamor@blogspot.com,980,Business Development
893,Ellswerth,Male,ehourstanos@unc.edu,729,Product Management
894,Emily,Female,eskentelburyot@1und1.de,38,Legal
895,Anderea,Female,asollandou@pagesperso-orange.fr,430,Marketing
896,Electra,Female,epeegremov@un.org,827,Business Development
897,Hew,Male,hgherardiow@tinypic.com,557,Support
898,Jason,Male,jabramskiox@hexun.com,932,Services
899,Wake,Male,wshuttleoy@hhs.gov,672,Human Resources
900,Vitia,Female,vchickenoz@hugedomains.com,91,Product Management
901,Constantino,Male,csturdeyp0@examiner.com,645,Engineering
902,Daryl,Female,dcardnellp1@xinhuanet.com,694,Marketing
903,Moreen,Male,mshevlinp2@ox.ac.uk,310,Marketing
904,Ogden,Female,oleinweberp3@artisteer.com,906,Sales
905,Lorin,Female,lstanwayp4@biglobe.ne.jp,23,Business Development
906,Gaelan,Male,gcafep5@moonfruit.com,7,Product Management
907,Alberto,Male,awoodgerp6@spiegel.de,911,Human Resources
908,Gipsy,Male,ggahanp7@jigsy.com,462,Marketing
909,Hanan,Female,hstainingp8@latimes.com,481,Sales
910,Rheba,Male,rdefewp9@huffingtonpost.com,836,Accounting
911,Torry,Male,tsibyllinapa@yale.edu,909,Services
912,Maurice,Female,msouthcoatpb@weibo.com,358,Marketing
913,Matthaeus,Female,mangearpc@statcounter.com,469,Support
914,Emanuel,Female,ealburypd@china.com.cn,589,Engineering
915,Rock,Female,rfrickerpe@dagondesign.com,482,Human Resources
916,Matilde,Male,mcaliforniapf@salon.com,470,Human Resources
917,Kingsly,Male,kdudderidgepg@fastcompany.com,864,Engineering
918,Ethe,Male,erendellph@oracle.com,62,Accounting
919,Carlyn,Female,cmacneilpi@netvibes.com,316,Legal
920,Thorstein,Female,tharespj@barnesandnoble.com,84,Human Resources
921,Phyllys,Male,pmunghampk@geocities.jp,231,Product Management
922,Burke,Male,bpugsleypl@businesswire.com,176,Support
923,Fran,Male,fkenchingtonpm@pagesperso-orange.fr,833,Services
924,Jacynth,Male,jgaymerpn@disqus.com,52,Sales
925,Rustin,Female,rplattspo@fotki.com,839,Training
926,Kandace,Male,krandlespp@fc2.com,940,Services
927,Livvy,Female,locrevypq@answers.com,98,Sales
928,Sanson,Female,scarisspr@omniture.com,667,Training
929,Leoine,Female,lgeorgelinps@intel.com,326,Business Development
930,Beverie,Male,bhadkinspt@twitpic.com,60,Engineering
931,Fred,Female,fmapampu@businessweek.com,118,Services
932,Sherrie,Male,snorssisterpv@scribd.com,459,Support
933,Gianina,Female,glippiellopw@topsy.com,182,Sales
934,Josephine,Male,jleadspx@baidu.com,465,Product Management
935,Modestia,Male,msibbspy@engadget.com,658,Research and Development
936,Dedra,Male,dweinepz@meetup.com,17,Support
937,Heindrick,Male,hodayq0@japanpost.jp,455,Support
938,Rich,Female,rhenderq1@nih.gov,294,Research and Development
939,Leon,Male,lyairq2@theatlantic.com,380,Legal
940,Dorothee,Female,ddunyq3@ocn.ne.jp,856,Marketing
941,Domeniga,Male,driguardq4@tuttocitta.it,526,Support
942,Deck,Male,dbrewoodq5@biblegateway.com,138,Training
943,Sadie,Female,spaginq6@toplist.cz,96,Human Resources
944,Ida,Male,isaphq7@zimbio.com,50,Services
945,Ronnie,Male,rlesleyq8@paypal.com,939,Research and Development
946,Ilyssa,Female,ispicerq9@hubpages.com,180,Support
947,Misha,Male,msherlandqa@whitehouse.gov,588,Accounting
948,Othilia,Female,oinggallqb@archive.org,183,Research and Development
949,Astrid,Female,apechardqc@ask.com,994,Accounting
950,Quill,Female,qstittleqd@geocities.com,543,Marketing
951,Abbott,Male,agaishqe@tumblr.com,932,Product Management
952,Griffy,Female,glinekerqf@cmu.edu,864,Sales
953,Ronny,Male,rlesaunierqg@google.pl,77,Marketing
954,Harcourt,Female,hlushqh@hibu.com,688,Legal
955,Geordie,Male,garendsqi@dell.com,923,Accounting
956,Morgan,Male,mgoddardqj@jimdo.com,133,Human Resources
957,Teodora,Female,tburchattqk@disqus.com,381,Accounting
958,Pepe,Male,pgavaghanql@about.me,701,Sales
959,Mandie,Male,mfowlsqm@illinois.edu,791,Services
960,Alex,Female,apurringtonqn@liveinternet.ru,168,Training
961,Nita,Male,nlumbqo@unblog.fr,870,Support
962,Geralda,Male,gdoegqp@ifeng.com,823,Sales
963,Corrianne,Female,clooneyqq@geocities.com,284,Engineering
964,Marguerite,Female,mhastwellqr@scientificamerican.com,827,Training
965,Esmaria,Male,eschrirqs@technorati.com,766,Research and Development
966,Isadore,Female,ikalbqt@house.gov,192,Engineering
967,Lyman,Male,lredhollsqu@microsoft.com,39,Human Resources
968,Elston,Female,eortigerqv@newsvine.com,642,Accounting
969,Yves,Female,ylyttleqw@whitehouse.gov,938,Product Management
970,Haskell,Female,hbrasnerqx@altervista.org,855,Engineering
971,Rubetta,Male,rmaccaullqy@thetimes.co.uk,751,Engineering
972,Brittni,Female,bcluseqz@dot.gov,475,Accounting
973,Fidela,Female,farkwrightr0@dot.gov,16,Human Resources
974,Chauncey,Female,cprevostr1@desdev.cn,54,Marketing
975,Stephanus,Female,sbetserr2@reference.com,811,Research and Development
976,Pauly,Female,pscraggsr3@live.com,417,Marketing
977,Pattin,Male,pmccaugheyr4@disqus.com,485,Human Resources
978,Deerdre,Male,dwengerr5@jiathis.com,42,Sales
979,Sunny,Male,saikenheadr6@boston.com,53,Human Resources
980,Maurizia,Male,mpozzir7@irs.gov,59,Training
981,Ely,Male,esimioner8@arizona.edu,645,Support
982,Ebonee,Female,eelsomr9@businessweek.com,481,Research and Development
983,Flora,Female,fpanswickra@nih.gov,100,Marketing
984,Danni,Female,dyouingsrb@marketwatch.com,985,Product Management
985,Delbert,Female,dprobartrc@istockphoto.com,417,Support
986,Erda,Male,eowenrd@answers.com,97,Sales
987,Abran,Female,aartharsre@google.ru,896,Training
988,Brandea,Female,bbriztmanrf@utexas.edu,297,Services
989,Birch,Female,bdownierg@parallels.com,276,Business Development
990,Rheta,Male,rramseyrh@google.co.jp,164,Support
991,Ring,Male,rizonri@jugem.jp,945,Accounting
992,Shelly,Male,sjeffrayrj@furl.net,432,Research and Development
993,Karla,Male,kkillrk@disqus.com,566,Support
994,Esta,Female,etaudevinrl@addtoany.com,576,Training
995,Ame,Female,arainerrm@who.int,379,Marketing
996,Dione,Female,dcrocettirn@google.ca,629,Research and Development
997,Alon,Male,adunkinsonro@engadget.com,640,Sales
998,Alfons,Female,ascarserp@nih.gov,989,Marketing
999,Mariquilla,Female,mboageyrq@clickbank.net,918,Services
1000,Philis,Female,pdyhouserr@t-online.de,531,Accounting
