id,name,gender,email,salary,department,doj
1,Anjela,Male,avannini0@1und1.de,213,Sales,2019-02-24
2,Neila,Female,nsedman1@ifeng.com,467,Legal,2020-04-30
3,Betta,Non-binary,bbraxton2@nydailynews.com,189,Legal,2017-06-20
4,Beauregard,Genderqueer,btruce3@telegraph.co.uk,993,Human Resources,2019-09-19
5,Carolyne,Agender,cmarcu4@domainmarket.com,112,Product Management,2019-10-08
6,Gerrilee,Female,gpuckett5@umn.edu,587,Product Management,2017-01-26
7,Valaree,Agender,vfullom6@hp.com,272,Services,2017-02-08
8,Carlina,Polygender,cporte7@posterous.com,946,Sales,2021-06-15
9,Ailis,Female,asimoni8@desdev.cn,38,Legal,2018-01-21
10,Aurthur,Polygender,awaterhouse9@scribd.com,216,Sales,2017-11-10
11,Christoffer,Genderfluid,cwoodhalla@state.tx.us,27,Business Development,2018-09-12
12,Reggis,Genderfluid,rwinningb@marketwatch.com,570,Legal,2017-05-12
13,Lindy,Bigender,lhastedc@ucoz.ru,931,Product Management,2021-05-31
14,Franky,Non-binary,frearied@state.tx.us,495,Research and Development,2020-06-22
15,Allie,Genderfluid,aprattene@about.me,521,Business Development,2020-05-04
16,Hewe,Bigender,hhassonf@paypal.com,558,Sales,2018-05-03
17,Zelda,Male,zbootong@barnesandnoble.com,185,Engineering,2018-03-01
18,Corey,Bigender,ckretschmerh@sourceforge.net,940,Engineering,2017-07-05
19,Lisbeth,Non-binary,lvaleroi@purevolume.com,435,Product Management,2017-12-08
20,Vasili,Male,vgoldsteinj@google.co.uk,32,Sales,2021-04-18
21,Rosaleen,Genderfluid,rcogerk@virginia.edu,732,Accounting,2018-10-16
22,Huntley,Genderqueer,hkohrsl@gnu.org,184,Product Management,2018-08-28
23,Celie,Agender,ccalderbankm@nymag.com,818,Business Development,2017-02-07
24,Martica,Genderfluid,mmeiklen@shareasale.com,994,Product Management,2021-03-10
25,Maximo,Genderfluid,mristeo@yandex.ru,811,Accounting,2017-04-06
26,Kellby,Polygender,kdonovanp@geocities.jp,516,Support,2017-06-13
27,Caleb,Non-binary,ctapnerq@cargocollective.com,749,Services,2019-05-14
28,Herby,Bigender,hsumshonr@infoseek.co.jp,521,Engineering,2017-07-30
29,Dacie,Agender,dhaddons@wikipedia.org,280,Engineering,2020-02-02
30,Xerxes,Female,xdelascyt@wikispaces.com,251,Accounting,2020-09-28
31,Alyda,Non-binary,acokayneu@purevolume.com,431,Product Management,2020-04-24
32,Larry,Agender,lkingswoodv@usda.gov,523,Human Resources,2019-07-09
33,Caddric,Male,cscaleraw@irs.gov,50,Marketing,2019-03-05
34,Gayla,Agender,gmcwhinniex@desdev.cn,377,Business Development,2021-05-31
35,Murdoch,Male,mbeneytoy@jugem.jp,340,Engineering,2018-04-16
36,Mortimer,Bigender,mstearnsz@reverbnation.com,214,Support,2021-01-27
37,Finn,Genderfluid,favis10@unblog.fr,613,Sales,2021-03-01
38,Tarra,Non-binary,tcorryer11@discovery.com,885,Product Management,2021-04-24
39,Ike,Female,istansall12@bandcamp.com,830,Accounting,2020-11-18
40,Sherwood,Male,soman13@google.com.hk,201,Support,2019-04-25
41,Artemas,Polygender,avagges14@123-reg.co.uk,967,Marketing,2017-07-16
42,Birdie,Genderqueer,bdumbell15@is.gd,980,Engineering,2019-07-07
43,Teddy,Female,tdavet16@webs.com,407,Training,2021-09-11
44,Albertina,Genderqueer,aplatts17@cnn.com,211,Business Development,2017-05-17
45,Krispin,Agender,kcodner18@facebook.com,400,Sales,2018-02-03
46,Dyann,Female,ddossett19@blog.com,474,Accounting,2021-02-13
47,Norean,Genderqueer,nscanterbury1a@dailymail.co.uk,462,Engineering,2018-05-28
48,Marsh,Non-binary,mdight1b@go.com,243,Business Development,2020-10-19
49,Kingsley,Female,kborsi1c@google.cn,126,Training,2019-04-13
50,Rodd,Genderfluid,rfrith1d@weather.com,253,Legal,2017-10-01
51,Zacherie,Bigender,zharnor1e@ox.ac.uk,594,Legal,2020-04-02
52,Leigha,Bigender,lyatman1f@purevolume.com,488,Accounting,2017-12-27
53,Danielle,Non-binary,dlairdcraig1g@yale.edu,843,Human Resources,2018-06-26
54,Jessey,Genderfluid,jlangelaan1h@sphinn.com,397,Product Management,2019-04-19
55,Sisely,Agender,shurling1i@reuters.com,128,Services,2019-04-26
56,Kaitlynn,Polygender,klabat1j@php.net,976,Sales,2019-12-21
57,Tabor,Genderqueer,tgiraudy1k@wix.com,34,Accounting,2017-03-28
58,Zea,Genderqueer,zjaine1l@dell.com,756,Support,2021-07-31
59,Vittoria,Female,valden1m@tumblr.com,48,Accounting,2017-04-18
60,Issiah,Bigender,idixsee1n@fastcompany.com,761,Research and Development,2019-09-01
61,Esther,Bigender,ejenkyn1o@washington.edu,992,Human Resources,2020-12-17
62,Deanna,Non-binary,dmetzke1p@irs.gov,510,Legal,2021-03-08
63,Kippar,Male,kgiorgielli1q@chronoengine.com,996,Training,2019-09-03
64,Husein,Non-binary,hknok1r@gnu.org,616,Sales,2018-12-20
65,Eula,Non-binary,epellitt1s@epa.gov,297,Services,2021-04-21
66,Clemente,Polygender,csansum1t@jugem.jp,254,Research and Development,2021-07-01
67,Burke,Polygender,bklee1u@wunderground.com,693,Product Management,2021-03-26
68,Ladonna,Polygender,ljarrette1v@illinois.edu,948,Training,2017-01-10
69,Tris,Genderqueer,tduggen1w@newsvine.com,116,Marketing,2017-02-07
70,Dallas,Female,dsummerell1x@lycos.com,691,Services,2020-11-16
71,Kirbee,Genderfluid,kbarizeret1y@umn.edu,575,Business Development,2021-09-15
72,Mahmoud,Agender,mfurmagier1z@loc.gov,380,Services,2020-08-03
73,Melvyn,Genderqueer,msantus20@spotify.com,8,Human Resources,2017-04-03
74,Esmeralda,Genderqueer,ethurstan21@icq.com,354,Business Development,2018-09-26
75,Clarabelle,Agender,crathbone22@mapquest.com,134,Research and Development,2021-06-17
76,Vitoria,Genderfluid,vtoombes23@earthlink.net,610,Human Resources,2021-01-27
77,Nanine,Genderqueer,ndawkes24@geocities.jp,54,Marketing,2019-06-16
78,Addie,Agender,amonan25@dmoz.org,903,Legal,2019-11-12
79,Gelya,Non-binary,ggarman26@smugmug.com,144,Services,2018-07-26
80,Sigismund,Genderqueer,shalse27@furl.net,732,Human Resources,2020-06-21
81,Floyd,Genderfluid,fpech28@reddit.com,371,Training,2021-08-28
82,Hew,Bigender,hgillise29@sciencedirect.com,752,Training,2019-08-31
83,Nataline,Female,nmeritt2a@trellian.com,771,Human Resources,2019-09-19
84,Gib,Bigender,ghullett2b@ucla.edu,69,Sales,2019-03-27
85,Cristi,Agender,credhead2c@google.it,549,Support,2019-09-22
86,Emmerich,Polygender,erunnalls2d@wordpress.com,908,Engineering,2020-06-27
87,Delinda,Non-binary,dlarvin2e@acquirethisname.com,637,Engineering,2018-08-03
88,Ernie,Non-binary,eniesel2f@google.co.jp,534,Business Development,2017-08-18
89,Lindsey,Non-binary,lwinspur2g@baidu.com,336,Support,2020-03-18
90,Cos,Bigender,cglasser2h@gizmodo.com,158,Training,2021-07-13
91,Alla,Female,asheivels2i@java.com,308,Engineering,2017-09-25
92,Waverley,Non-binary,wayllett2j@spiegel.de,353,Business Development,2018-10-04
93,Harlene,Non-binary,hwormleighton2k@bizjournals.com,69,Support,2021-07-24
94,Sydel,Genderqueer,sbarrows2l@ed.gov,112,Business Development,2020-07-20
95,Moss,Genderfluid,mthewlis2m@discovery.com,594,Product Management,2021-02-17
96,Murray,Male,mnend2n@oaic.gov.au,882,Sales,2019-10-19
97,Zed,Female,ztwinterman2o@e-recht24.de,854,Marketing,2020-09-06
98,Gertie,Genderqueer,gredler2p@altervista.org,836,Accounting,2017-05-30
99,Rufe,Polygender,rnizet2q@hibu.com,825,Legal,2020-11-12
100,Gaston,Genderfluid,geckford2r@admin.ch,367,Accounting,2020-10-21
101,Prescott,Non-binary,proofe2s@163.com,494,Product Management,2018-11-21
102,Nathanial,Female,nbruton2t@springer.com,74,Accounting,2019-12-03
103,Creighton,Genderqueer,cobrien2u@ocn.ne.jp,164,Engineering,2019-07-11
104,Megan,Genderqueer,mloade2v@so-net.ne.jp,943,Human Resources,2020-04-02
105,Alvinia,Non-binary,apattisson2w@feedburner.com,554,Product Management,2017-07-18
106,Merrile,Polygender,mgange2x@irs.gov,801,Sales,2017-06-13
107,Maressa,Genderqueer,mcrottagh2y@ameblo.jp,691,Engineering,2019-03-16
108,Terrie,Female,twelberry2z@opensource.org,629,Business Development,2021-06-01
109,Edmon,Female,ejaulmes30@hatena.ne.jp,755,Research and Development,2018-05-13
110,Winny,Genderqueer,wpurdom31@deviantart.com,244,Research and Development,2021-08-08
111,Fleming,Bigender,fnannizzi32@fotki.com,305,Training,2018-03-21
112,Salomo,Male,spavie33@hubpages.com,26,Legal,2016-12-24
113,Nat,Bigender,nskewis34@miibeian.gov.cn,383,Product Management,2018-06-04
114,Beverley,Genderqueer,bleethem35@washingtonpost.com,115,Support,2020-08-21
115,Christy,Female,cmacgibbon36@ucla.edu,569,Legal,2018-10-01
116,Egan,Genderfluid,eexer37@w3.org,404,Legal,2017-12-20
117,Glendon,Male,gdigiorgio38@sakura.ne.jp,846,Support,2017-09-05
118,Britt,Genderqueer,bminchindon39@va.gov,470,Training,2017-06-06
119,Ronalda,Non-binary,rralph3a@symantec.com,157,Research and Development,2018-11-07
120,Lucy,Agender,lchittock3b@artisteer.com,903,Accounting,2018-09-18
121,Penni,Genderqueer,phorsefield3c@tmall.com,75,Sales,2021-07-08
122,Matthiew,Agender,mselly3d@taobao.com,586,Human Resources,2019-10-08
123,Shayne,Male,srigby3e@ihg.com,464,Marketing,2017-09-04
124,Emmeline,Non-binary,egillibrand3f@tinypic.com,53,Training,2018-07-02
125,Tris,Bigender,tgrinnov3g@techcrunch.com,28,Accounting,2020-08-23
126,Hadley,Genderfluid,hrand3h@posterous.com,561,Services,2020-04-05
127,Catharine,Bigender,clearie3i@blogger.com,913,Accounting,2017-08-10
128,Shay,Male,spenton3j@unicef.org,3,Business Development,2017-05-26
129,Rodolfo,Female,rivanichev3k@mozilla.com,396,Human Resources,2020-01-19
130,Lorinda,Bigender,lduplain3l@so-net.ne.jp,891,Product Management,2019-02-10
131,Jana,Non-binary,jgilkison3m@icio.us,906,Legal,2018-06-23
132,Brett,Genderqueer,bdrinkall3n@ucsd.edu,86,Business Development,2017-08-31
133,Chery,Non-binary,clefleming3o@mozilla.com,610,Human Resources,2021-09-25
134,Jerome,Polygender,jslidders3p@dion.ne.jp,297,Marketing,2021-05-28
135,Pip,Polygender,pkillough3q@mozilla.org,263,Engineering,2020-01-07
136,Flory,Polygender,fbloy3r@intel.com,453,Engineering,2019-08-10
137,Birk,Non-binary,bdrayn3s@yellowbook.com,111,Engineering,2021-04-03
138,Merell,Polygender,mtoolin3t@sfgate.com,262,Legal,2018-01-27
139,Jdavie,Polygender,jpermain3u@ebay.com,288,Business Development,2017-12-01
140,Abie,Bigender,agullifant3v@redcross.org,492,Research and Development,2017-01-01
141,Tine,Genderfluid,taveling3w@home.pl,503,Engineering,2020-11-01
142,Steven,Non-binary,sallmen3x@marriott.com,573,Marketing,2021-03-23
143,Rowan,Male,raldham3y@people.com.cn,828,Research and Development,2018-01-09
144,Harmonia,Female,hfilipychev3z@issuu.com,556,Research and Development,2017-04-28
145,Rolf,Agender,rmacphaden40@google.com.au,180,Product Management,2020-06-07
146,Berty,Polygender,bwaters41@squarespace.com,954,Marketing,2021-06-03
147,Ewart,Bigender,elenoir42@berkeley.edu,708,Product Management,2018-08-23
148,Tabor,Genderfluid,thagstone43@mozilla.org,873,Support,2019-12-14
149,Grayce,Genderfluid,gkolakovic44@npr.org,743,Product Management,2020-12-02
150,Antoinette,Non-binary,adingate45@mediafire.com,765,Product Management,2020-04-20
151,Coreen,Bigender,cbridden46@soup.io,504,Sales,2017-05-17
152,Emily,Bigender,ewaskett47@hexun.com,869,Product Management,2020-02-06
153,Logan,Non-binary,lommanney48@squarespace.com,79,Legal,2017-01-29
154,Glyn,Genderfluid,gsalzberger49@loc.gov,861,Services,2020-02-05
155,Melony,Female,mhuet4a@sitemeter.com,90,Marketing,2018-11-19
156,Filippo,Bigender,fpoile4b@phoca.cz,143,Engineering,2017-07-04
157,Tatiana,Bigender,tcoraini4c@deviantart.com,249,Accounting,2017-11-25
158,Bunnie,Non-binary,bhallsworth4d@addtoany.com,545,Services,2018-02-13
159,Cynthie,Polygender,cjosefer4e@discuz.net,170,Engineering,2021-06-09
160,Mateo,Bigender,mcolquite4f@who.int,445,Engineering,2018-11-25
161,Valry,Female,vlarrie4g@chron.com,657,Human Resources,2020-02-09
162,Meredithe,Genderqueer,mtapsell4h@tamu.edu,58,Legal,2017-09-15
163,Lolly,Non-binary,lfenna4i@vistaprint.com,938,Product Management,2017-05-10
164,Haydon,Male,hcady4j@tinypic.com,225,Engineering,2021-01-01
165,Tabor,Male,tshirley4k@slate.com,56,Human Resources,2018-07-15
166,Penny,Genderqueer,palpe4l@studiopress.com,422,Accounting,2018-08-19
167,Boone,Male,blafrentz4m@vkontakte.ru,11,Product Management,2018-10-22
168,Hamlin,Female,hhicks4n@naver.com,368,Human Resources,2019-06-14
169,Antonina,Non-binary,adufer4o@hugedomains.com,595,Sales,2017-11-29
170,Beverly,Bigender,bsaint4p@gizmodo.com,402,Accounting,2017-06-02
171,Lottie,Non-binary,lboucher4q@squarespace.com,330,Marketing,2017-09-25
172,Pippo,Bigender,pbridgstock4r@wordpress.com,836,Business Development,2019-05-23
173,Kaylil,Genderfluid,kclitsome4s@techcrunch.com,502,Training,2020-07-29
174,Uta,Non-binary,uladyman4t@instagram.com,646,Human Resources,2018-03-29
175,Faustine,Bigender,fmolen4u@netscape.com,400,Sales,2017-07-20
176,Laverna,Female,lbarnaby4v@geocities.jp,916,Product Management,2017-02-16
177,Dara,Female,dheskey4w@wikia.com,201,Marketing,2017-03-25
178,Hermie,Female,hputtick4x@google.fr,918,Product Management,2021-07-10
179,Teressa,Agender,tnardoni4y@symantec.com,201,Marketing,2018-11-28
180,Carlen,Non-binary,cburnsyde4z@nasa.gov,810,Engineering,2019-08-15
181,Dannie,Female,diglesia50@marriott.com,971,Marketing,2018-12-03
182,Luce,Agender,lroubay51@posterous.com,325,Research and Development,2020-08-30
183,Lanny,Female,lbenfield52@independent.co.uk,75,Sales,2020-11-21
184,Gabrila,Male,gzincke53@sitemeter.com,297,Services,2018-09-04
185,Chelsy,Genderfluid,ctollmache54@cargocollective.com,602,Product Management,2018-11-05
186,Eachelle,Bigender,ejoynes55@amazon.com,473,Legal,2018-04-26
187,Kakalina,Bigender,kpaterno56@istockphoto.com,122,Support,2021-03-05
188,Alethea,Bigender,asenner57@webmd.com,31,Accounting,2021-02-27
189,Aleen,Polygender,acarlick58@chronoengine.com,566,Sales,2018-11-01
190,Roderigo,Male,racarson59@vinaora.com,168,Sales,2020-02-14
191,Fionna,Agender,fapps5a@shop-pro.jp,241,Services,2018-12-24
192,Barbey,Polygender,bmoller5b@statcounter.com,46,Sales,2021-01-29
193,Gianna,Bigender,gclawe5c@economist.com,61,Accounting,2019-11-22
194,Florie,Male,fcarwithan5d@ameblo.jp,414,Product Management,2018-08-14
195,Marilee,Non-binary,mskeermor5e@studiopress.com,802,Research and Development,2019-03-18
196,Natty,Agender,nlegh5f@hp.com,932,Support,2017-07-29
197,Lenka,Genderqueer,lbemlott5g@livejournal.com,940,Marketing,2021-06-01
198,Minne,Male,mdavaux5h@slashdot.org,855,Engineering,2018-04-21
199,Llewellyn,Bigender,lpayler5i@sogou.com,547,Marketing,2017-02-01
200,Fan,Bigender,fbrickner5j@hibu.com,347,Legal,2017-11-09
201,Paton,Bigender,pmulqueen5k@auda.org.au,906,Marketing,2017-04-23
202,Datha,Agender,dvasyutichev5l@msn.com,688,Support,2017-06-02
203,Christos,Bigender,cpomfrett5m@wordpress.com,365,Business Development,2018-10-21
204,Stanford,Bigender,simos5n@clickbank.net,64,Research and Development,2018-11-03
205,Odille,Genderqueer,oledwich5o@adobe.com,30,Marketing,2021-07-09
206,Ethel,Genderqueer,eclayborn5p@seattletimes.com,502,Services,2018-08-12
207,Alvy,Genderfluid,amanktelow5q@fema.gov,370,Product Management,2020-03-09
208,Honoria,Female,hbrittles5r@yandex.ru,706,Legal,2019-02-07
209,Carlynn,Genderqueer,cmatz5s@trellian.com,70,Services,2020-06-28
210,Alec,Male,aattwell5t@foxnews.com,111,Services,2018-02-14
211,Doy,Polygender,dlambal5u@newyorker.com,834,Accounting,2019-04-12
212,Currey,Genderfluid,cbungey5v@wikipedia.org,861,Engineering,2019-04-16
213,Con,Agender,cbanker5w@engadget.com,185,Marketing,2017-12-05
214,Lyman,Genderqueer,loconnell5x@fda.gov,839,Engineering,2019-02-22
215,Staci,Genderqueer,smendel5y@mail.ru,789,Services,2017-06-27
216,Hayley,Female,hgentle5z@mlb.com,261,Marketing,2019-04-30
217,Lyndel,Female,lcurm60@biglobe.ne.jp,860,Research and Development,2019-01-23
218,Othella,Genderfluid,owheelton61@chron.com,982,Product Management,2020-05-04
219,Bret,Agender,bharriday62@symantec.com,79,Training,2021-02-01
220,Gussy,Genderfluid,gminigo63@un.org,693,Accounting,2019-10-24
221,Matt,Agender,mcornelissen64@tuttocitta.it,550,Services,2019-09-03
222,Catie,Genderqueer,cdalgetty65@posterous.com,553,Sales,2019-12-30
223,Thia,Agender,twyne66@stanford.edu,32,Product Management,2018-05-01
224,Gloriana,Agender,gdongate67@hao123.com,760,Support,2019-01-19
225,Trip,Polygender,tgouch68@marketwatch.com,426,Business Development,2018-11-01
226,Franny,Male,fgligoraci69@theglobeandmail.com,951,Product Management,2019-06-12
227,Yetta,Genderfluid,yanand6a@nba.com,760,Business Development,2021-07-23
228,Carmelina,Non-binary,cwithull6b@cbsnews.com,832,Services,2018-05-26
229,Dael,Male,dhaddacks6c@cam.ac.uk,698,Accounting,2018-07-25
230,Alysa,Genderqueer,apallister6d@flickr.com,91,Legal,2019-03-16
231,Nathanil,Agender,nbonavia6e@blinklist.com,883,Sales,2018-08-11
232,Elyse,Genderfluid,ecossins6f@cam.ac.uk,532,Training,2020-02-07
233,Chas,Polygender,cantonowicz6g@dell.com,428,Services,2020-10-28
234,Shay,Agender,smerit6h@gravatar.com,361,Legal,2017-11-02
235,Dynah,Non-binary,dcrayker6i@si.edu,854,Sales,2017-08-25
236,Barret,Genderfluid,breuther6j@1688.com,160,Marketing,2021-01-23
237,Nerty,Non-binary,nbeddis6k@people.com.cn,517,Support,2021-02-03
238,Collette,Bigender,ccordsen6l@bandcamp.com,276,Business Development,2019-12-19
239,Otha,Genderfluid,oalbery6m@wix.com,776,Services,2021-04-22
240,Lisbeth,Bigender,lbaine6n@nhs.uk,490,Human Resources,2019-08-13
241,Avis,Polygender,agrummitt6o@unesco.org,21,Business Development,2017-05-28
242,Anastasie,Polygender,acatlin6p@csmonitor.com,285,Research and Development,2018-06-17
243,Kele,Bigender,kivanyushin6q@dagondesign.com,398,Engineering,2019-10-29
244,Cassie,Agender,cpigott6r@goodreads.com,506,Human Resources,2021-02-20
245,Margareta,Male,melven6s@blinklist.com,234,Human Resources,2020-10-07
246,Lind,Male,lstevings6t@yelp.com,463,Human Resources,2019-10-26
247,Marleen,Non-binary,mpedgrift6u@canalblog.com,735,Support,2020-02-20
248,Orv,Bigender,owaleworke6v@time.com,856,Human Resources,2019-04-01
249,Klara,Male,kglasper6w@hostgator.com,574,Marketing,2020-01-27
250,Dolli,Genderqueer,dlowy6x@wikipedia.org,40,Services,2017-09-19
251,Judd,Genderfluid,jmacpherson6y@wikispaces.com,636,Product Management,2020-04-18
252,Cora,Polygender,cingre6z@friendfeed.com,9,Accounting,2020-09-03
253,Sanford,Female,sfitton70@forbes.com,666,Human Resources,2017-06-26
254,Isiahi,Male,icapelow71@tmall.com,234,Product Management,2019-05-13
255,Micah,Genderqueer,mhaughan72@cornell.edu,829,Business Development,2019-03-13
256,Clifford,Female,cgaskins73@weebly.com,637,Research and Development,2018-09-15
257,Natalee,Male,nselway74@soundcloud.com,491,Human Resources,2018-08-15
258,Kristina,Non-binary,kfurby75@yellowpages.com,143,Services,2018-01-13
259,Yettie,Genderqueer,ynewling76@wp.com,686,Product Management,2017-07-02
260,Noam,Agender,nhehir77@uol.com.br,560,Research and Development,2020-12-26
261,Suzie,Agender,sschimaschke78@china.com.cn,372,Legal,2017-10-08
262,Gwendolen,Agender,gcuppleditch79@unc.edu,818,Research and Development,2018-04-18
263,Zebulen,Male,zcuming7a@tiny.cc,178,Research and Development,2019-12-20
264,Daile,Genderqueer,dstokoe7b@google.co.jp,143,Business Development,2017-10-29
265,Kit,Agender,kmcmakin7c@csmonitor.com,794,Business Development,2020-01-21
266,Tisha,Polygender,tspeaks7d@businessinsider.com,962,Accounting,2020-10-08
267,Aeriel,Genderfluid,abainbridge7e@phpbb.com,335,Legal,2018-01-12
268,Miner,Female,mdelos7f@yale.edu,55,Human Resources,2020-01-03
269,Ursulina,Genderqueer,uakitt7g@paypal.com,356,Business Development,2018-12-10
270,Edithe,Non-binary,ewharrier7h@statcounter.com,778,Business Development,2021-02-26
271,Jerrie,Polygender,jfyndon7i@washingtonpost.com,183,Marketing,2019-08-17
272,Trix,Polygender,tdalby7j@archive.org,609,Support,2019-06-21
273,Dun,Agender,dcope7k@e-recht24.de,829,Engineering,2020-06-10
274,Son,Female,schasier7l@pcworld.com,749,Human Resources,2018-05-05
275,Tabbi,Agender,tmcdell7m@scribd.com,516,Support,2020-05-27
276,Meriel,Genderfluid,mlacotte7n@yellowbook.com,95,Human Resources,2018-04-16
277,Jerrilee,Female,jjeffries7o@mac.com,933,Sales,2018-11-12
278,Danny,Genderqueer,dlatus7p@psu.edu,750,Human Resources,2019-04-22
279,Beatriz,Agender,bpiper7q@livejournal.com,117,Engineering,2020-10-15
280,Sybille,Genderqueer,snanni7r@cmu.edu,951,Support,2021-01-06
281,Eduino,Agender,evedekhov7s@mapy.cz,673,Business Development,2017-09-21
282,Noak,Male,nfullager7t@state.gov,873,Business Development,2021-05-14
283,Emmy,Female,estandage7u@ocn.ne.jp,101,Product Management,2018-07-18
284,Ynez,Non-binary,yrickaby7v@creativecommons.org,806,Business Development,2019-11-11
285,Piper,Non-binary,pbertl7w@free.fr,227,Business Development,2021-07-20
286,Eleonore,Genderqueer,eallenby7x@bizjournals.com,44,Services,2019-01-11
287,Lesli,Bigender,llantuffe7y@twitpic.com,183,Sales,2017-01-16
288,Jordain,Bigender,jkunkel7z@bigcartel.com,307,Sales,2017-08-08
289,Darnall,Genderqueer,dnelm80@jalbum.net,685,Accounting,2021-03-14
290,Lon,Agender,lmucci81@bbb.org,694,Human Resources,2018-02-17
291,Magnum,Genderqueer,mcrimmins82@china.com.cn,517,Product Management,2018-07-23
292,Lee,Genderqueer,ltruesdale83@cnet.com,571,Accounting,2021-06-29
293,Robers,Female,rcreany84@economist.com,609,Engineering,2019-05-01
294,Hamid,Bigender,hjewett85@goo.ne.jp,716,Support,2019-04-06
295,Cara,Genderfluid,cverissimo86@usa.gov,780,Marketing,2019-11-28
296,Carmine,Male,cbroadwell87@apache.org,830,Research and Development,2019-06-27
297,Nonah,Male,nbythway88@nbcnews.com,581,Support,2019-07-03
298,Cyrus,Genderfluid,csuffe89@acquirethisname.com,691,Engineering,2019-08-04
299,Orv,Polygender,owoollam8a@ycombinator.com,790,Sales,2017-10-22
300,Barris,Non-binary,bpolle8b@kickstarter.com,661,Training,2017-03-26
301,Lorilee,Agender,ltubbs8c@fda.gov,653,Research and Development,2016-12-30
302,Betti,Bigender,bleifer8d@yandex.ru,720,Legal,2020-11-16
303,Codi,Non-binary,cbaldacchino8e@parallels.com,586,Services,2020-10-15
304,Arney,Bigender,avlasyuk8f@nature.com,13,Research and Development,2018-04-09
305,Bar,Polygender,bpelman8g@addthis.com,809,Human Resources,2017-04-07
306,Vinny,Male,vkentwell8h@shutterfly.com,926,Support,2021-01-04
307,Aeriell,Non-binary,amangeney8i@tamu.edu,734,Sales,2021-07-29
308,Colene,Genderqueer,clardge8j@freewebs.com,362,Product Management,2019-11-30
309,Isaiah,Non-binary,igirvin8k@wired.com,977,Human Resources,2019-08-29
310,Annette,Agender,achallender8l@nature.com,827,Sales,2021-03-08
311,Libby,Genderfluid,lgreig8m@jugem.jp,666,Services,2018-04-10
312,Leslie,Genderfluid,lrobeson8n@businessweek.com,295,Product Management,2021-01-03
313,Barth,Non-binary,bshiel8o@amazon.de,863,Business Development,2021-06-05
314,Tome,Polygender,thelin8p@engadget.com,790,Engineering,2019-11-07
315,Kari,Male,ksproson8q@nasa.gov,757,Training,2019-09-24
316,Annissa,Genderqueer,acuddon8r@mayoclinic.com,607,Support,2018-10-29
317,Augusta,Non-binary,agray8s@ox.ac.uk,387,Business Development,2020-12-18
318,Lonni,Bigender,lskoughman8t@facebook.com,610,Services,2018-12-16
319,Babbie,Male,bdinnies8u@omniture.com,111,Marketing,2020-12-19
320,Robinetta,Agender,relcomb8v@ycombinator.com,952,Product Management,2017-04-17
321,Izzy,Bigender,ipavlasek8w@cam.ac.uk,259,Sales,2018-01-27
322,Worden,Genderfluid,wfaulkener8x@symantec.com,449,Engineering,2019-01-31
323,Madella,Agender,msaunderson8y@cbc.ca,421,Product Management,2017-02-09
324,Rochette,Genderfluid,raxcell8z@surveymonkey.com,430,Business Development,2019-12-20
325,Scarlett,Genderfluid,svanshin90@edublogs.org,623,Product Management,2017-02-07
326,Rowney,Male,rdeaton91@bloglines.com,719,Business Development,2019-11-05
327,Stephie,Agender,sfilippazzo92@vinaora.com,130,Engineering,2017-08-07
328,Joete,Bigender,jmarle93@boston.com,435,Legal,2021-01-25
329,Annice,Female,awinger94@soundcloud.com,85,Research and Development,2018-12-08
330,Zacherie,Non-binary,zloblie95@examiner.com,604,Training,2017-01-12
331,Romola,Non-binary,rleggat96@toplist.cz,871,Accounting,2019-12-17
332,Cosette,Female,crowesby97@arstechnica.com,147,Marketing,2017-02-23
333,Candice,Male,cdorin98@pagesperso-orange.fr,938,Engineering,2021-01-18
334,Wendie,Female,wwildbore99@chron.com,368,Support,2019-03-07
335,Timi,Bigender,tcapstake9a@skyrock.com,407,Marketing,2018-06-24
336,Micki,Female,mspencer9b@vimeo.com,555,Legal,2018-03-15
337,Amabelle,Genderfluid,apirozzi9c@nifty.com,439,Legal,2020-03-09
338,Binky,Polygender,balyutin9d@chicagotribune.com,227,Legal,2021-08-18
339,Silva,Agender,swabb9e@creativecommons.org,502,Human Resources,2020-10-24
340,Gaile,Genderfluid,gdresse9f@webs.com,226,Training,2018-09-23
341,Benedicto,Bigender,bsheers9g@nasa.gov,234,Human Resources,2017-02-04
342,Mike,Bigender,mmullin9h@google.pl,999,Training,2020-05-04
343,Shannon,Polygender,sbowdon9i@cam.ac.uk,274,Engineering,2017-07-27
344,Kelsey,Male,kbabar9j@eventbrite.com,659,Accounting,2018-10-31
345,Thomas,Male,tfear9k@php.net,333,Sales,2021-06-16
346,Merrick,Genderfluid,mginty9l@ycombinator.com,178,Training,2017-10-04
347,Christina,Bigender,cbelison9m@rakuten.co.jp,111,Engineering,2017-04-30
348,Debbi,Bigender,dteggart9n@businesswire.com,419,Accounting,2017-04-13
349,Clerissa,Female,csiely9o@geocities.jp,333,Training,2017-11-26
350,Blondy,Female,bgarey9p@hostgator.com,996,Services,2021-09-17
351,Hetty,Female,hwanne9q@desdev.cn,512,Services,2021-09-06
352,Filia,Non-binary,fstrange9r@addtoany.com,476,Research and Development,2017-01-17
353,Ida,Polygender,ichapier9s@apple.com,131,Engineering,2020-09-04
354,Marleah,Genderqueer,mkuschel9t@ocn.ne.jp,583,Sales,2020-04-25
355,Harrie,Genderfluid,hberni9u@blog.com,151,Sales,2017-03-25
356,Dollie,Male,dpakenham9v@lycos.com,586,Engineering,2017-01-23
357,Ivett,Genderfluid,iroughsedge9w@google.fr,974,Marketing,2020-05-28
358,Montague,Polygender,mallsop9x@jalbum.net,623,Research and Development,2017-07-18
359,Town,Non-binary,tteacy9y@cnn.com,412,Human Resources,2019-10-27
360,Juliann,Non-binary,jbidnall9z@blogspot.com,626,Product Management,2018-02-16
361,Laryssa,Non-binary,lantena0@bluehost.com,656,Accounting,2018-04-15
362,Cristen,Agender,cvickarsa1@berkeley.edu,545,Accounting,2020-08-06
363,Mattie,Bigender,mgullena2@yolasite.com,303,Product Management,2017-03-12
364,Marlow,Polygender,mguerrina3@posterous.com,700,Services,2017-12-17
365,Dierdre,Male,darchboulda4@reddit.com,600,Training,2018-02-27
366,Catlee,Bigender,credholesa5@cam.ac.uk,835,Engineering,2019-05-25
367,Moyra,Polygender,mreubbensa6@house.gov,453,Support,2017-08-04
368,Gustave,Agender,gdannatta7@netscape.com,100,Human Resources,2017-10-06
369,Putnam,Female,pcovila8@pen.io,357,Business Development,2017-07-14
370,Aggie,Polygender,apantridgea9@altervista.org,165,Engineering,2017-07-09
371,Ignace,Non-binary,ilysteraa@spotify.com,832,Business Development,2017-01-28
372,Margareta,Female,mdemogeotab@geocities.com,736,Support,2019-05-29
373,Ring,Polygender,rleifac@nasa.gov,609,Marketing,2019-03-10
374,Broddie,Female,bgrabertad@bluehost.com,113,Product Management,2021-05-07
375,Emilia,Polygender,eshorrockae@aol.com,141,Support,2020-06-22
376,Gerry,Female,gmartschkeaf@amazon.co.jp,446,Sales,2021-06-04
377,Heidi,Non-binary,hjustunag@prweb.com,785,Research and Development,2021-07-22
378,Horst,Male,hertelah@list-manage.com,523,Support,2019-11-29
379,Caril,Polygender,comohunai@disqus.com,41,Sales,2021-04-09
380,Leola,Genderfluid,lmathesonaj@marketwatch.com,859,Product Management,2021-09-17
381,Niven,Female,ngrishinak@nytimes.com,319,Legal,2021-03-19
382,Essie,Genderfluid,ehingeal@netvibes.com,681,Research and Development,2020-12-28
383,Arliene,Female,ahowlingam@imgur.com,646,Research and Development,2021-07-31
384,Gabriel,Genderfluid,gbleasdillean@icq.com,817,Legal,2019-09-26
385,Nixie,Polygender,narmorao@smugmug.com,446,Engineering,2019-01-31
386,Harriette,Bigender,hbrattyap@dyndns.org,981,Sales,2019-11-07
387,Lucine,Agender,lodreainaq@g.co,629,Legal,2020-08-12
388,Gib,Non-binary,gmccreear@ihg.com,138,Marketing,2017-03-06
389,Kelcey,Genderqueer,kwentworthas@unc.edu,608,Training,2020-03-09
390,Scott,Polygender,sjefferysat@oracle.com,765,Sales,2021-08-05
391,Franny,Polygender,fassinderau@friendfeed.com,756,Business Development,2017-04-07
392,Timothee,Agender,tgonoudeav@alexa.com,520,Legal,2019-01-24
393,Gabi,Genderqueer,gfrediaw@nifty.com,785,Product Management,2021-06-10
394,Verene,Polygender,vcrackax@livejournal.com,296,Product Management,2020-11-17
395,Janetta,Bigender,jmeachemay@acquirethisname.com,316,Research and Development,2020-06-21
396,Tabina,Non-binary,tschimannaz@arstechnica.com,685,Training,2020-03-01
397,Ambrose,Bigender,amardeeb0@drupal.org,387,Marketing,2019-07-23
398,Georgina,Male,gbailieb1@ca.gov,576,Business Development,2019-03-28
399,Glennie,Polygender,gbraunleinb2@constantcontact.com,757,Legal,2021-07-30
400,Sonny,Bigender,salbertib3@ask.com,519,Services,2017-07-12
401,Tandie,Agender,tpruvostb4@tamu.edu,105,Business Development,2017-10-27
402,Ianthe,Male,ifinlaysonb5@msn.com,394,Human Resources,2017-03-26
403,Rodolphe,Genderqueer,rmilchb6@uiuc.edu,369,Human Resources,2019-10-27
404,Darci,Bigender,dmartinekb7@cmu.edu,74,Human Resources,2019-12-12
405,Dieter,Male,dcolamb8@mayoclinic.com,507,Marketing,2021-04-20
406,Lewie,Agender,lgoodramb9@flavors.me,464,Legal,2019-04-09
407,Adolphe,Agender,anowickba@businessweek.com,129,Product Management,2018-04-13
408,Tomas,Genderfluid,tacklandbb@icq.com,57,Engineering,2020-09-14
409,Hazel,Polygender,helesbc@vistaprint.com,972,Business Development,2021-06-02
410,Rourke,Agender,rorletonbd@apple.com,542,Engineering,2018-05-14
411,Bobbee,Female,bfieldstonebe@naver.com,348,Product Management,2020-11-01
412,Waite,Genderfluid,wdominecbf@mail.ru,290,Business Development,2020-07-27
413,Herbert,Genderqueer,hsillettbg@nydailynews.com,695,Services,2020-06-28
414,Dionysus,Genderqueer,dbachmanbh@wiley.com,837,Support,2020-06-26
415,Karole,Agender,kglashbybi@about.me,24,Sales,2017-01-24
416,Karoline,Genderfluid,kcarlilebj@issuu.com,35,Research and Development,2018-04-02
417,Burr,Polygender,bcolleerbk@bloglovin.com,470,Engineering,2020-08-08
418,Sheeree,Bigender,scheavinbl@google.co.jp,482,Research and Development,2020-03-17
419,Zebedee,Agender,zgallifordbm@opensource.org,549,Sales,2017-06-08
420,Edith,Female,ehancoxbn@weibo.com,291,Business Development,2021-02-07
421,Amalle,Non-binary,aocoskerrybo@businessinsider.com,835,Product Management,2021-05-29
422,Cherey,Polygender,crochfordbp@google.co.uk,575,Training,2021-08-05
423,Ermin,Male,emcfadzeanbq@goodreads.com,860,Business Development,2017-06-08
424,Antone,Genderfluid,akettlewellbr@mapy.cz,59,Research and Development,2021-03-18
425,Adelina,Genderfluid,askymebs@economist.com,158,Research and Development,2018-08-25
426,Park,Agender,pmucklestonbt@shinystat.com,66,Legal,2018-11-30
427,Jo ann,Genderqueer,jsalmonsbu@kickstarter.com,509,Accounting,2018-09-09
428,Sher,Bigender,soscanlanbv@people.com.cn,972,Research and Development,2019-02-07
429,Maye,Female,mfowkesbw@goo.ne.jp,238,Human Resources,2019-08-31
430,Mollee,Polygender,mbevirbx@gizmodo.com,416,Human Resources,2019-02-17
431,Niles,Polygender,nleborgneby@is.gd,642,Sales,2020-09-24
432,Frieda,Genderqueer,fpikenbz@aol.com,885,Legal,2017-05-19
433,Alice,Genderqueer,agoundryc0@eventbrite.com,994,Services,2021-07-29
434,Ricki,Male,rcardenozac1@npr.org,409,Research and Development,2021-08-16
435,Annie,Bigender,aluckc2@ucsd.edu,161,Services,2017-01-07
436,Aubrey,Female,aciobutaroc3@issuu.com,367,Business Development,2020-12-09
437,Jacqui,Genderqueer,jsarjeantc4@github.io,346,Sales,2018-03-19
438,Bartolemo,Polygender,bsaddletonc5@oakley.com,301,Training,2017-03-21
439,Oswald,Polygender,ohymersc6@timesonline.co.uk,268,Sales,2019-08-02
440,Munroe,Female,mgoulleec7@pagesperso-orange.fr,781,Services,2017-04-04
441,Maggi,Male,mhowsec8@deviantart.com,614,Marketing,2019-05-16
442,Sloane,Male,sdedomenicic9@addthis.com,407,Product Management,2017-01-23
443,Clywd,Genderqueer,csedgmanca@slideshare.net,112,Legal,2021-03-02
444,Virge,Genderfluid,vkitteridgecb@acquirethisname.com,600,Services,2018-10-24
445,Bart,Genderfluid,bredwallcc@prweb.com,824,Business Development,2020-01-23
446,Barbra,Genderfluid,bbirckmanncd@youtube.com,146,Product Management,2017-10-02
447,Baxy,Male,bcrosselandce@techcrunch.com,327,Product Management,2020-01-27
448,Natasha,Male,ncasteroucf@devhub.com,354,Training,2017-06-24
449,Jed,Male,jkellercg@ihg.com,719,Services,2020-04-11
450,Jerrilyn,Bigender,jstennettch@mayoclinic.com,636,Engineering,2019-03-10
451,Linc,Non-binary,lmacsweeneyci@ning.com,462,Training,2018-03-02
452,Teddi,Agender,tgodsalcj@ehow.com,953,Business Development,2019-08-04
453,Reyna,Non-binary,rcharlickck@toplist.cz,274,Support,2018-11-10
454,Codi,Bigender,cmcnirlancl@bloomberg.com,601,Research and Development,2020-08-28
455,Stephine,Male,slearmonthcm@sitemeter.com,559,Training,2021-03-24
456,Kelsey,Non-binary,kmacfaellcn@vkontakte.ru,763,Sales,2019-06-16
457,Jaymee,Male,jmartinelloco@xing.com,674,Human Resources,2020-03-15
458,Selma,Female,sflintoffecp@last.fm,574,Training,2018-09-13
459,Emyle,Agender,ebroggiocq@phpbb.com,848,Human Resources,2020-09-18
460,Cissy,Genderqueer,cbaldinotticr@admin.ch,393,Sales,2021-01-29
461,Marrilee,Genderfluid,mpuckettcs@paypal.com,991,Accounting,2018-09-19
462,Ilene,Non-binary,imcgrannct@nationalgeographic.com,206,Human Resources,2017-12-20
463,Lena,Polygender,lgunnercu@indiegogo.com,303,Engineering,2018-03-31
464,Bryn,Male,brappscv@drupal.org,944,Marketing,2021-02-11
465,Avril,Genderqueer,auccelicw@furl.net,973,Research and Development,2021-08-06
466,Berty,Genderfluid,bguerriericx@ebay.co.uk,293,Human Resources,2017-06-03
467,Domenic,Male,dpattlelcy@stumbleupon.com,869,Training,2017-10-23
468,Appolonia,Non-binary,aethingtoncz@free.fr,282,Training,2017-10-09
469,Bar,Genderfluid,bcustedd0@fda.gov,360,Support,2018-09-03
470,Guenevere,Non-binary,gvitteld1@netscape.com,756,Human Resources,2017-10-03
471,Quinlan,Bigender,qcrasfordd2@instagram.com,318,Training,2020-07-11
472,Dniren,Polygender,dkubatd3@storify.com,8,Research and Development,2021-04-01
473,Bathsheba,Bigender,bledgleyd4@bbc.co.uk,821,Legal,2020-09-26
474,Meghan,Male,mdevasd5@forbes.com,254,Research and Development,2017-03-22
475,Trent,Genderfluid,ttatchelld6@foxnews.com,759,Engineering,2021-06-16
476,Erasmus,Male,ebickerdyked7@accuweather.com,333,Services,2020-08-24
477,Brietta,Male,bhannibald8@telegraph.co.uk,192,Business Development,2017-01-24
478,Pacorro,Polygender,pskotcherd9@exblog.jp,288,Legal,2019-11-18
479,Alyosha,Polygender,arustda@vkontakte.ru,448,Support,2020-07-07
480,Sharon,Male,smundydb@4shared.com,738,Engineering,2018-07-26
481,Holly,Genderfluid,hlinkedc@t-online.de,308,Engineering,2021-04-29
482,Shell,Bigender,somullaneydd@jugem.jp,991,Training,2017-10-12
483,Maryjane,Agender,mmactavishde@facebook.com,966,Support,2019-07-16
484,Lewiss,Polygender,lspringthorpedf@amazon.co.jp,638,Services,2017-11-07
485,Remy,Non-binary,rmcnaughtondg@networkadvertising.org,540,Engineering,2021-09-18
486,Clementina,Male,cgoodsirdh@drupal.org,398,Accounting,2018-11-01
487,Hilary,Male,hschielldi@mtv.com,96,Engineering,2020-12-17
488,Eb,Male,edumbrelldj@seesaa.net,557,Training,2020-03-29
489,Alwin,Agender,acarvilladk@va.gov,284,Engineering,2017-02-02
490,Clemente,Polygender,cmayberydl@pagesperso-orange.fr,240,Marketing,2019-05-11
491,Shanda,Agender,sdoolandm@mashable.com,457,Marketing,2018-07-07
492,Ailbert,Genderfluid,adelagnesdn@gizmodo.com,44,Accounting,2020-12-05
493,Morissa,Genderqueer,mpossekdo@japanpost.jp,819,Legal,2019-05-07
494,Farlee,Bigender,fburreedp@sourceforge.net,500,Legal,2017-03-22
495,Rodd,Non-binary,rreubbensdq@hc360.com,613,Support,2017-11-22
496,Filide,Male,feastondr@guardian.co.uk,963,Research and Development,2017-03-25
497,Bonnie,Female,bforreds@walmart.com,64,Research and Development,2017-01-05
498,Donaugh,Genderqueer,dchaldecottdt@reddit.com,724,Sales,2018-06-01
499,Kissie,Bigender,kmickandu@wsj.com,76,Marketing,2019-11-19
500,Allan,Genderfluid,acrossfelddv@hhs.gov,223,Legal,2018-05-22
501,Morna,Genderqueer,mebenezerdw@unesco.org,791,Support,2018-07-12
502,Jessika,Bigender,jnarbettdx@chicagotribune.com,445,Human Resources,2019-03-10
503,Sheryl,Polygender,sfearnsdy@ucoz.ru,939,Marketing,2018-08-19
504,Hilarius,Non-binary,hmurfindz@state.gov,205,Business Development,2020-02-28
505,Aurthur,Genderqueer,aegarre0@springer.com,701,Sales,2017-10-17
506,Con,Polygender,cmcgeechane1@altervista.org,92,Accounting,2017-09-05
507,Elga,Male,esarfattie2@live.com,581,Legal,2018-05-23
508,Mara,Male,mkleinee3@digg.com,276,Training,2017-07-11
509,Cyrillus,Genderqueer,csullere4@typepad.com,645,Services,2018-10-15
510,Mata,Genderqueer,mishake5@gnu.org,8,Training,2018-06-22
511,Huntington,Non-binary,hkilliche6@istockphoto.com,546,Human Resources,2019-03-23
512,Bell,Polygender,bkrzysztofiake7@sun.com,937,Services,2021-08-10
513,Rodd,Genderfluid,rmillse8@google.com.br,579,Legal,2018-07-02
514,Reamonn,Genderfluid,rkorouse9@ted.com,855,Services,2021-01-19
515,Ephraim,Female,echettleea@timesonline.co.uk,480,Engineering,2017-01-13
516,Cory,Polygender,calbanyeb@1und1.de,454,Services,2020-01-17
517,Fonz,Genderfluid,fectorec@1und1.de,627,Engineering,2018-10-25
518,Steffen,Non-binary,sbohined@lulu.com,869,Product Management,2019-08-02
519,Harriet,Genderfluid,horeaganee@apple.com,478,Sales,2018-08-29
520,Dael,Female,dbarringtonef@sourceforge.net,35,Legal,2020-05-12
521,Elsworth,Genderqueer,ebirkmyreeg@oracle.com,934,Engineering,2018-04-24
522,Daloris,Non-binary,dmacnallyeh@joomla.org,352,Sales,2019-08-17
523,Nomi,Bigender,nwherrettei@indiegogo.com,506,Sales,2017-05-08
524,Samara,Female,sbruinemanej@samsung.com,138,Human Resources,2018-01-03
525,Shelagh,Bigender,scakebreadek@cam.ac.uk,93,Product Management,2019-06-23
526,Torie,Polygender,tparkel@feedburner.com,673,Marketing,2020-04-18
527,Theodoric,Non-binary,thoutenem@loc.gov,825,Engineering,2017-10-06
528,Lanny,Male,lbauen@weebly.com,92,Sales,2020-08-08
529,Alfreda,Non-binary,amayoheo@army.mil,519,Sales,2019-06-04
530,Randolf,Non-binary,rgoldisep@dedecms.com,562,Services,2019-07-09
531,Creigh,Male,chartelleq@edublogs.org,344,Product Management,2018-03-27
532,Jesus,Genderqueer,jkremerer@quantcast.com,342,Research and Development,2019-01-14
533,Demetria,Bigender,dspickes@list-manage.com,947,Sales,2018-04-11
534,Kesley,Male,kpimmet@walmart.com,873,Accounting,2016-12-25
535,Jody,Genderfluid,jvanichkineu@flavors.me,259,Marketing,2021-02-21
536,Riannon,Polygender,rfetherstoneev@google.de,605,Product Management,2020-07-05
537,Gunter,Agender,gleithgoeew@mlb.com,629,Support,2020-08-18
538,Flor,Bigender,fboysex@etsy.com,230,Accounting,2019-12-25
539,Goldarina,Non-binary,gdukerey@wikimedia.org,453,Training,2021-09-18
540,Claiborne,Genderfluid,cheskinsez@typepad.com,930,Business Development,2018-10-23
541,Laural,Non-binary,lleonidaf0@mlb.com,383,Legal,2019-10-09
542,Daisy,Non-binary,ddursleyf1@goo.gl,902,Product Management,2018-07-12
543,Mario,Genderfluid,moxleyf2@va.gov,898,Training,2019-06-09
544,Gaile,Female,gcardenosaf3@wisc.edu,735,Support,2019-03-28
545,Antonino,Genderfluid,amaysorf4@acquirethisname.com,456,Services,2018-05-08
546,Padgett,Non-binary,pmahonyf5@icio.us,680,Human Resources,2017-03-01
547,Lowrance,Male,lallomf6@domainmarket.com,863,Human Resources,2018-01-29
548,Cordi,Non-binary,cwardingtonf7@cbsnews.com,293,Engineering,2018-03-26
549,Margot,Bigender,mriegerf8@newsvine.com,582,Business Development,2020-09-06
550,Alissa,Genderqueer,abedborof9@vimeo.com,234,Engineering,2018-06-06
551,Lilla,Male,lelnoughfa@imageshack.us,140,Engineering,2019-03-05
552,Anthiathia,Genderfluid,adriesfb@ow.ly,711,Support,2021-06-04
553,Kiah,Genderfluid,kcarvellfc@samsung.com,832,Training,2020-11-22
554,Kimberlyn,Agender,krimellfd@cam.ac.uk,160,Research and Development,2017-02-19
555,Gusty,Bigender,gcanefe@moonfruit.com,716,Research and Development,2017-04-28
556,Kaiser,Bigender,kgrigoryovff@unicef.org,123,Human Resources,2019-03-12
557,Brocky,Genderfluid,bollifffg@paypal.com,168,Human Resources,2017-10-27
558,Simone,Genderqueer,scollinsfh@nationalgeographic.com,596,Accounting,2018-06-14
559,Ileane,Genderqueer,ijohnkefi@oracle.com,989,Research and Development,2018-09-13
560,Dulce,Polygender,dsansomfj@tmall.com,601,Accounting,2018-07-10
561,Rancell,Bigender,rkamiyamafk@joomla.org,312,Business Development,2019-01-03
562,Sauncho,Bigender,slabeuilfl@tiny.cc,68,Human Resources,2019-08-11
563,Gasper,Polygender,ggottfm@oracle.com,493,Services,2019-08-19
564,Maia,Female,mgoutcherfn@google.cn,9,Product Management,2020-08-11
565,Roddie,Bigender,rblissfo@cloudflare.com,618,Legal,2020-04-27
566,Brier,Polygender,bpierrepontfp@unc.edu,248,Training,2020-08-11
567,Sanford,Male,sgaynesfq@sakura.ne.jp,558,Services,2020-03-15
568,Derry,Non-binary,dreubbensfr@xing.com,272,Research and Development,2019-05-26
569,Sonja,Male,saldredfs@t-online.de,668,Business Development,2019-09-27
570,Rudolph,Female,rjachimakft@reverbnation.com,511,Sales,2020-04-25
571,Marcie,Female,mmalecfu@canalblog.com,999,Marketing,2017-07-22
572,Stevy,Genderqueer,scamseyfv@ed.gov,557,Business Development,2021-02-18
573,Malachi,Genderfluid,mcracoefw@ted.com,816,Marketing,2019-06-01
574,Miranda,Genderqueer,mmanthafx@mapquest.com,503,Business Development,2020-03-18
575,Philly,Genderfluid,pminnisfy@slate.com,522,Research and Development,2017-02-22
576,Orbadiah,Male,omacclintonfz@tripod.com,283,Marketing,2020-05-14
577,Ludwig,Bigender,lseargeantg0@uol.com.br,541,Support,2017-08-09
578,Ursuline,Female,umingottig1@bluehost.com,238,Product Management,2021-05-18
579,Ardene,Polygender,aedelmanng2@columbia.edu,89,Marketing,2018-02-07
580,Caril,Agender,clegrandg3@timesonline.co.uk,502,Engineering,2018-06-12
581,Dunn,Male,dbauldryg4@amazon.co.uk,98,Research and Development,2020-07-27
582,Guglielmo,Female,gjillsg5@independent.co.uk,964,Training,2018-05-20
583,Clemmie,Genderqueer,cswallwellg6@multiply.com,816,Product Management,2018-12-05
584,Mercy,Genderqueer,mbaseyg7@princeton.edu,362,Business Development,2020-03-13
585,Broderic,Genderfluid,blevettg8@php.net,627,Sales,2019-11-21
586,Niccolo,Non-binary,nlimerickg9@php.net,321,Product Management,2019-04-25
587,Ellis,Bigender,eacremanga@flavors.me,38,Legal,2019-11-28
588,Ranee,Agender,rpolkinghornegb@abc.net.au,41,Sales,2017-03-12
589,Nappy,Agender,nsaffellgc@weibo.com,240,Accounting,2021-02-15
590,Sue,Female,sdelaspeegd@dropbox.com,76,Sales,2018-08-28
591,Mira,Bigender,mcostardge@bizjournals.com,997,Business Development,2017-07-30
592,Hertha,Non-binary,hsearygf@goo.gl,7,Sales,2019-06-10
593,Evelyn,Polygender,efeveryeargg@thetimes.co.uk,86,Support,2018-07-06
594,Berty,Polygender,bstratfordgh@trellian.com,629,Business Development,2017-06-28
595,Griffin,Polygender,gburrissgi@sakura.ne.jp,286,Legal,2017-12-02
596,Alene,Genderfluid,aburdongj@gravatar.com,891,Engineering,2017-12-11
597,Hugues,Genderfluid,hphuprategk@php.net,130,Legal,2020-08-27
598,Jillene,Genderqueer,jwinsongl@washingtonpost.com,931,Research and Development,2016-12-27
599,Aloise,Genderfluid,awarwickgm@wisc.edu,201,Product Management,2017-08-05
600,Murry,Female,mdheningn@google.com,186,Business Development,2019-11-08
601,Claudie,Genderfluid,ccleynmango@stanford.edu,76,Research and Development,2020-04-16
602,Kayne,Female,klouisetgp@nydailynews.com,618,Services,2019-12-31
603,Raffaello,Bigender,rsimsgq@google.it,16,Engineering,2017-02-03
604,Orson,Male,omurneygr@wisc.edu,943,Engineering,2017-12-20
605,Malorie,Non-binary,mspracklings@examiner.com,258,Product Management,2018-05-28
606,Con,Agender,csmethurstgt@soup.io,618,Product Management,2018-11-12
607,Saba,Female,swestleygu@jugem.jp,897,Business Development,2019-04-07
608,Euphemia,Non-binary,escrowsongv@mozilla.com,766,Legal,2016-12-22
609,Vinnie,Male,vtogwellgw@rakuten.co.jp,826,Accounting,2019-05-18
610,Hale,Genderfluid,hlanghamgx@about.me,720,Research and Development,2018-11-25
611,Candie,Female,cwafergy@aboutads.info,907,Business Development,2019-05-04
612,Renee,Polygender,rpenelligz@ustream.tv,865,Training,2019-09-10
613,Lance,Bigender,lmusslewhiteh0@is.gd,255,Research and Development,2017-03-07
614,Sallee,Genderqueer,smeatesh1@ted.com,543,Business Development,2019-04-04
615,Ottilie,Non-binary,obealtonh2@tumblr.com,492,Services,2018-02-09
616,Lauralee,Female,lrishmanh3@usatoday.com,57,Human Resources,2021-07-26
617,Becka,Female,bwoontonh4@comsenz.com,439,Business Development,2017-07-17
618,Correna,Male,cloffillh5@paginegialle.it,444,Product Management,2019-02-16
619,Merralee,Male,mslowcockh6@goodreads.com,105,Human Resources,2017-03-25
620,Oren,Female,ofoxh7@google.cn,478,Accounting,2020-08-14
621,Darcee,Polygender,ddecleyneh8@squidoo.com,13,Support,2019-11-04
622,Dodie,Male,drenggerh9@nyu.edu,199,Sales,2021-05-29
623,Mayor,Female,mviseha@businessweek.com,908,Support,2020-01-30
624,Dniren,Genderfluid,dlassellhb@ebay.com,986,Sales,2019-04-25
625,Lira,Non-binary,lridgedellhc@apache.org,721,Human Resources,2019-07-12
626,Hyacinthie,Agender,hdowninghd@example.com,485,Accounting,2021-01-25
627,Garret,Agender,gandrolihe@ibm.com,376,Engineering,2021-04-29
628,Omero,Polygender,oferencowiczhf@godaddy.com,205,Legal,2021-04-01
629,Evvy,Agender,elanchburyhg@google.ca,74,Marketing,2020-12-11
630,Chrystel,Polygender,cmariethh@yandex.ru,207,Support,2019-05-08
631,Pavia,Female,ptrousdalehi@marketwatch.com,994,Legal,2018-03-24
632,Melania,Male,mswaddenhj@liveinternet.ru,75,Services,2018-08-26
633,Sancho,Non-binary,syukhinhk@apache.org,72,Accounting,2018-01-26
634,Dolorita,Polygender,dgatesmanhl@cdbaby.com,976,Legal,2018-03-17
635,Godwin,Polygender,gfallahm@prweb.com,870,Legal,2017-06-11
636,Ginevra,Genderfluid,gdebruijnhn@answers.com,664,Business Development,2019-10-30
637,Betta,Non-binary,bkingho@youtube.com,167,Sales,2018-05-21
638,Dani,Non-binary,drignoldeshp@elegantthemes.com,910,Business Development,2019-01-31
639,Morgan,Female,mrobjanthq@mail.ru,918,Product Management,2019-04-27
640,Sophey,Genderfluid,sdumbellowhr@yahoo.com,572,Engineering,2017-08-07
641,Milzie,Agender,mropkeshs@dagondesign.com,543,Services,2019-11-28
642,Sigrid,Non-binary,smcdiarmidht@stanford.edu,78,Legal,2020-11-29
643,Lawton,Genderqueer,lturevillehu@cmu.edu,808,Marketing,2018-12-04
644,Kissie,Non-binary,kwaddamhv@google.it,711,Sales,2020-05-05
645,Noni,Agender,nbrockbankhw@yelp.com,615,Support,2019-02-25
646,Gene,Male,ghuletthx@blinklist.com,85,Research and Development,2020-11-15
647,Ira,Male,isavillehy@ucsd.edu,18,Support,2019-12-30
648,Hurlee,Genderfluid,hsutehz@columbia.edu,313,Human Resources,2018-11-05
649,Gwendolyn,Bigender,gmcduffiei0@oracle.com,6,Engineering,2017-10-22
650,Dolorita,Genderfluid,dolomani1@shinystat.com,950,Services,2017-11-29
651,Danila,Bigender,dkerseyi2@ca.gov,519,Accounting,2019-01-13
652,Tamiko,Male,ttulleyi3@irs.gov,445,Research and Development,2018-09-21
653,Craggie,Genderqueer,cdeakani4@altervista.org,656,Research and Development,2018-07-29
654,Wolfie,Bigender,wblackbourni5@newyorker.com,459,Services,2021-01-04
655,Wade,Agender,wfowldsi6@livejournal.com,743,Research and Development,2018-06-02
656,Erinna,Female,erebichoni7@gmpg.org,257,Product Management,2018-12-17
657,Vern,Genderqueer,vkenealyi8@chron.com,146,Marketing,2017-07-03
658,Bret,Male,bsallowayei9@youku.com,100,Product Management,2019-01-28
659,Vida,Polygender,vcallejaia@usnews.com,973,Legal,2020-10-16
660,Jimmie,Male,jcubinib@columbia.edu,151,Human Resources,2021-06-19
661,Dmitri,Polygender,dmckayic@shinystat.com,97,Business Development,2016-12-24
662,Sharla,Male,smuellerid@canalblog.com,132,Business Development,2019-08-24
663,Geoffry,Male,glinkleterie@icq.com,133,Marketing,2019-04-29
664,Laney,Non-binary,lfanshaweif@tripod.com,61,Human Resources,2021-08-14
665,Lura,Agender,lbeardig@typepad.com,393,Business Development,2016-12-29
666,Honoria,Bigender,hyoulesih@zdnet.com,611,Marketing,2020-11-06
667,Clari,Female,ccominelloii@linkedin.com,200,Research and Development,2018-01-20
668,Tani,Polygender,tdunwoodyij@yahoo.co.jp,543,Business Development,2021-02-12
669,Thalia,Agender,tstonebridgeik@plala.or.jp,933,Services,2018-02-05
670,Alfie,Male,amcgeouchil@msu.edu,117,Legal,2017-06-02
671,Cammie,Female,cquadriim@furl.net,885,Sales,2017-04-11
672,Herculie,Polygender,hvasichevin@123-reg.co.uk,334,Accounting,2020-08-01
673,Wilmar,Polygender,wlabdenio@reddit.com,654,Training,2020-06-19
674,Francisca,Non-binary,fjurickip@simplemachines.org,339,Sales,2020-12-02
675,Bella,Agender,bpauleitiq@princeton.edu,995,Training,2017-01-20
676,Marisa,Agender,mbeckeir@buzzfeed.com,713,Marketing,2021-03-26
677,Leena,Non-binary,lnaerupis@jimdo.com,978,Business Development,2020-04-26
678,Norrie,Genderfluid,nwillstropit@github.com,934,Engineering,2018-03-19
679,Annelise,Genderqueer,alilburneiu@hc360.com,873,Support,2020-03-17
680,Maxim,Non-binary,mprattiv@flavors.me,67,Product Management,2017-01-11
681,Myriam,Genderqueer,mdaringtoniw@discovery.com,524,Sales,2019-05-17
682,Anabelle,Male,aledesix@spotify.com,777,Accounting,2017-05-26
683,Harriett,Bigender,hklebesiy@state.tx.us,820,Human Resources,2019-12-19
684,Alison,Bigender,ahanningiz@1688.com,765,Research and Development,2019-12-16
685,Ysabel,Bigender,ywillsmorej0@amazon.co.jp,545,Support,2019-08-15
686,Butch,Polygender,bbuckmasterj1@google.co.jp,168,Human Resources,2021-02-17
687,Grantley,Agender,gboffeyj2@narod.ru,948,Legal,2021-06-30
688,Ajay,Genderfluid,adeathj3@wordpress.org,745,Engineering,2017-09-23
689,Patsy,Genderqueer,pvintonj4@woothemes.com,531,Business Development,2019-08-15
690,Stanislaw,Genderfluid,seccleshallj5@bluehost.com,900,Marketing,2019-07-11
691,Harris,Genderqueer,hdibiaggij6@telegraph.co.uk,318,Training,2020-01-14
692,Agatha,Bigender,aleismanj7@economist.com,422,Research and Development,2021-03-30
693,Dalton,Agender,dpollicattj8@gizmodo.com,548,Support,2018-06-24
694,Melony,Genderfluid,mcardosoj9@cisco.com,291,Support,2018-06-23
695,Kassi,Agender,kabramofja@digg.com,485,Research and Development,2019-12-16
696,Lucinda,Agender,lhatfieldjb@home.pl,73,Product Management,2017-01-29
697,Efrem,Genderfluid,erolstonejc@vk.com,317,Legal,2017-03-23
698,Gerald,Non-binary,ghansenjd@seesaa.net,918,Human Resources,2017-08-24
699,Elonore,Female,edeavallje@vkontakte.ru,56,Services,2021-07-08
700,Lambert,Agender,lmummeryjf@scientificamerican.com,886,Training,2020-01-24
701,Brett,Male,bsimonsonjg@flavors.me,484,Marketing,2018-03-06
702,Welby,Non-binary,wglassjh@opera.com,81,Training,2020-11-27
703,Ambrose,Genderfluid,anevinsji@de.vu,592,Human Resources,2020-01-20
704,Hamilton,Male,hpetrashkovjj@fema.gov,733,Engineering,2019-06-20
705,Wilhelmina,Non-binary,wcrolejk@bloglines.com,842,Marketing,2020-12-10
706,Allyn,Polygender,agudgionjl@harvard.edu,407,Product Management,2019-10-22
707,Alvera,Female,aivanchovjm@arizona.edu,490,Accounting,2020-04-29
708,Leigha,Genderqueer,lridlerjn@sakura.ne.jp,785,Business Development,2017-05-04
709,Debera,Non-binary,dbretlandjo@typepad.com,872,Marketing,2019-11-17
710,Francoise,Genderfluid,fsemeradjp@narod.ru,280,Sales,2017-01-24
711,Zarla,Genderfluid,zgarradjq@cdc.gov,135,Research and Development,2017-01-14
712,Keen,Genderfluid,kturonejr@elegantthemes.com,806,Human Resources,2021-05-29
713,Ambrosius,Male,achristerjs@spotify.com,345,Product Management,2019-03-27
714,Demott,Non-binary,dwesternjt@dropbox.com,555,Training,2018-02-05
715,Brynn,Non-binary,bcarrabotju@ebay.com,509,Human Resources,2018-11-12
716,Sapphira,Non-binary,sinnsjv@businesswire.com,611,Sales,2019-01-18
717,Gipsy,Male,gsheirlawjw@symantec.com,924,Services,2020-09-27
718,Marnie,Non-binary,malenichevjx@wp.com,881,Services,2018-08-18
719,Pierette,Polygender,pwasielewiczjy@360.cn,634,Services,2017-02-11
720,Matti,Agender,mjewsburyjz@macromedia.com,125,Human Resources,2018-04-24
721,Didi,Male,dhaslewoodk0@drupal.org,535,Training,2018-07-09
722,Jenni,Bigender,jmarquisk1@elegantthemes.com,693,Legal,2017-08-18
723,Derrek,Male,dsebertk2@wordpress.com,799,Sales,2017-01-15
724,Augustine,Female,acheversk3@pinterest.com,733,Product Management,2018-07-31
725,Nilson,Non-binary,nliveingk4@xinhuanet.com,187,Sales,2020-03-21
726,Phil,Non-binary,pmeinekingk5@statcounter.com,589,Support,2019-06-24
727,Gale,Agender,gerbk6@edublogs.org,306,Marketing,2021-02-20
728,Vito,Polygender,vgleavek7@bing.com,370,Support,2021-06-18
729,Celle,Bigender,choyk8@ihg.com,683,Legal,2020-12-19
730,Cyrillus,Female,cbiffenk9@merriam-webster.com,877,Engineering,2019-04-30
731,Florentia,Male,fsneathka@google.co.jp,649,Business Development,2017-06-22
732,Bethina,Bigender,bdurgankb@pagesperso-orange.fr,280,Research and Development,2018-02-16
733,Padraic,Genderqueer,pbrinkworthkc@photobucket.com,948,Support,2017-03-28
734,Neely,Male,ncartinkd@issuu.com,743,Business Development,2018-12-05
735,Constantine,Female,cchaffenke@tiny.cc,339,Research and Development,2019-04-05
736,Sonni,Genderqueer,sfolinikf@plala.or.jp,809,Engineering,2021-02-05
737,Rozella,Genderfluid,rskydallkg@seattletimes.com,401,Business Development,2018-05-09
738,Liza,Male,larnaudikh@answers.com,279,Marketing,2020-01-31
739,Andre,Female,anolletki@photobucket.com,927,Sales,2021-03-04
740,Isidro,Agender,igiraldokj@sbwire.com,593,Support,2018-09-26
741,Kristy,Genderqueer,kbrodiekk@slate.com,103,Legal,2018-10-03
742,Eadie,Male,etromanskl@cafepress.com,606,Human Resources,2021-05-18
743,Emylee,Bigender,eoldacreskm@amazon.com,149,Research and Development,2018-03-29
744,Silvan,Genderfluid,sfelsteadkn@businessinsider.com,138,Research and Development,2018-07-28
745,Devin,Male,dwindeattko@jimdo.com,909,Accounting,2021-01-06
746,Travis,Female,tewingtonkp@telegraph.co.uk,851,Human Resources,2017-02-16
747,Homerus,Female,hralfekq@deliciousdays.com,764,Human Resources,2017-08-24
748,Blondell,Male,bhurringkr@dedecms.com,439,Legal,2019-04-26
749,Broderick,Agender,bsteggalsks@people.com.cn,334,Product Management,2019-07-01
750,Dew,Agender,dsexonkt@indiegogo.com,992,Business Development,2018-01-28
751,Osbourne,Agender,ojakemanku@symantec.com,884,Accounting,2017-07-27
752,Stephine,Female,ssaurakv@artisteer.com,451,Human Resources,2017-01-04
753,Sissy,Genderqueer,scoltherdkw@vk.com,624,Accounting,2021-04-10
754,Meaghan,Agender,molifardkx@harvard.edu,256,Product Management,2021-04-21
755,Ingra,Genderfluid,ibodemeaidky@nbcnews.com,756,Marketing,2021-01-10
756,Ulrika,Agender,ukubalekkz@cisco.com,615,Engineering,2020-08-25
757,Simmonds,Bigender,sblandamerel0@businessinsider.com,927,Product Management,2017-07-10
758,Helaina,Genderqueer,hbraizierl1@studiopress.com,838,Marketing,2018-06-16
759,Garvy,Non-binary,gmapsl2@ustream.tv,630,Services,2018-02-19
760,Jackelyn,Agender,jpaddingdonl3@theguardian.com,851,Accounting,2017-01-25
761,Lorette,Agender,lmayorl4@zimbio.com,941,Business Development,2017-10-08
762,Claybourne,Bigender,cleprevostl5@harvard.edu,224,Accounting,2021-01-25
763,Rudiger,Non-binary,rcainsl6@nymag.com,442,Training,2017-09-28
764,Curt,Non-binary,cmacgloryl7@storify.com,620,Marketing,2019-12-14
765,Gabby,Female,gtortisl8@nsw.gov.au,807,Support,2021-01-19
766,Jennifer,Polygender,jpenwardenl9@narod.ru,923,Research and Development,2020-04-24
767,Ewen,Female,ebuardla@cam.ac.uk,444,Legal,2017-06-25
768,Lulu,Genderfluid,ldcostalb@mail.ru,725,Accounting,2019-08-20
769,Kimmy,Agender,kdimelowlc@dion.ne.jp,428,Legal,2021-09-04
770,Sayer,Non-binary,sroystonld@github.io,945,Services,2020-11-18
771,Karrah,Bigender,ktaylersonle@reddit.com,189,Legal,2020-04-23
772,Kelli,Bigender,kszymanzyklf@japanpost.jp,592,Engineering,2017-04-28
773,Irma,Genderfluid,ifitzsimonlg@goodreads.com,693,Services,2018-05-08
774,Stanton,Genderfluid,sdasparlh@pbs.org,952,Accounting,2019-03-25
775,Simmonds,Genderqueer,slushli@mapquest.com,250,Product Management,2018-07-20
776,Salvatore,Bigender,slethbridgelj@sciencedirect.com,832,Training,2021-04-01
777,Jamey,Bigender,jcovottilk@netlog.com,882,Training,2020-09-24
778,Evonne,Bigender,eassardll@histats.com,682,Human Resources,2020-09-17
779,Olva,Female,omaudettlm@msn.com,30,Marketing,2021-03-08
780,Riki,Genderfluid,rsimoneauln@smugmug.com,660,Marketing,2020-07-09
781,Starlin,Non-binary,sdanbylo@geocities.com,736,Support,2019-09-05
782,Karna,Female,knottinghamlp@moonfruit.com,120,Support,2021-04-27
783,Inness,Bigender,icowthartlq@dyndns.org,717,Marketing,2019-09-12
784,Bridgette,Female,bstockaulr@last.fm,567,Business Development,2021-01-26
785,Claudia,Non-binary,cmidgleyls@theatlantic.com,136,Engineering,2019-01-22
786,Emeline,Male,efullerlovelt@engadget.com,987,Accounting,2019-03-01
787,James,Genderfluid,jtilleylu@hostgator.com,813,Research and Development,2018-11-02
788,Blanch,Bigender,ballnattlv@netvibes.com,502,Services,2020-10-17
789,Bobbe,Male,bleyrroydlw@gov.uk,806,Legal,2020-09-09
790,Tabor,Polygender,tgrevelx@oakley.com,658,Services,2020-06-27
791,Miranda,Agender,mchadwellly@free.fr,505,Engineering,2018-03-28
792,Clareta,Bigender,cedgesonlz@t.co,312,Accounting,2017-08-10
793,Clarita,Polygender,cekkelm0@twitpic.com,327,Engineering,2019-05-16
794,Clotilda,Bigender,csilversmidm1@homestead.com,82,Support,2020-03-07
795,Jacquelyn,Bigender,jbrayleym2@liveinternet.ru,632,Accounting,2017-03-02
796,Adriano,Genderfluid,atonerm3@google.nl,438,Services,2019-08-31
797,Arvie,Bigender,anighm4@comcast.net,491,Accounting,2020-12-10
798,Dehlia,Polygender,drysdalem5@utexas.edu,595,Research and Development,2020-09-06
799,Andree,Male,aandrzejakm6@paginegialle.it,457,Product Management,2019-10-31
800,Carena,Bigender,cbaxstairm7@geocities.jp,33,Business Development,2020-03-05
801,Jaimie,Male,jbeddingm8@arstechnica.com,717,Accounting,2018-07-04
802,Glenn,Female,gliversedgem9@shinystat.com,738,Accounting,2019-11-19
803,Jerrilee,Genderfluid,jmacduffma@cnet.com,635,Accounting,2020-09-07
804,Eldin,Polygender,elaiblemb@blogs.com,180,Marketing,2018-04-01
805,Parnell,Genderfluid,pjelkesmc@examiner.com,173,Product Management,2017-05-28
806,Leelah,Male,lspohrmannmd@shop-pro.jp,325,Business Development,2019-01-11
807,Ezmeralda,Agender,edownerme@dot.gov,937,Engineering,2019-01-24
808,Tabbie,Genderfluid,tcobainmf@msu.edu,510,Human Resources,2021-01-08
809,Brad,Genderfluid,bspittalmg@163.com,870,Training,2019-06-21
810,Demetris,Polygender,dmcgiffmh@quantcast.com,514,Research and Development,2017-10-15
811,Pippo,Genderfluid,pbogeymi@hubpages.com,366,Marketing,2020-01-14
812,Hastings,Bigender,hcauseymj@google.co.jp,684,Accounting,2020-05-10
813,Yolanda,Genderqueer,ylampensmk@cmu.edu,465,Support,2018-09-08
814,Blondelle,Male,bsawtellml@shutterfly.com,65,Product Management,2019-03-23
815,Amaleta,Non-binary,anormavellmm@globo.com,96,Accounting,2019-06-03
816,Jordana,Agender,jrefordmn@moonfruit.com,892,Sales,2018-09-11
817,Flore,Genderqueer,flestrangemo@themeforest.net,244,Research and Development,2017-07-19
818,Kalinda,Polygender,khaggletonmp@angelfire.com,276,Sales,2019-07-22
819,Ninetta,Agender,nrosevearemq@youtu.be,25,Marketing,2017-03-06
820,Fae,Non-binary,fmahometmr@jugem.jp,644,Marketing,2020-02-20
821,Richmound,Male,rdaytonms@cafepress.com,883,Product Management,2021-04-23
822,Hedvig,Female,hjozefmt@google.com.au,9,Sales,2018-09-24
823,Michaela,Agender,mruthenmu@about.com,81,Marketing,2020-11-22
824,Ulrick,Female,ulatchmv@1688.com,903,Accounting,2020-07-01
825,Alden,Non-binary,ajuschkamw@washington.edu,266,Accounting,2021-04-02
826,Kizzie,Female,khullemx@nasa.gov,649,Business Development,2017-01-30
827,Angel,Genderqueer,aleakmy@pen.io,633,Services,2018-11-09
828,Gram,Polygender,gfockemz@themeforest.net,956,Sales,2017-05-26
829,Perri,Genderfluid,ppaschon0@hhs.gov,166,Business Development,2020-09-23
830,Buck,Polygender,bcailen1@elegantthemes.com,367,Accounting,2017-05-04
831,Chadwick,Genderfluid,cpeintonn2@dot.gov,402,Sales,2018-06-29
832,Hallie,Bigender,hcorbynn3@storify.com,742,Sales,2018-04-12
833,Janine,Agender,jhaglandn4@businesswire.com,833,Engineering,2018-06-06
834,Vachel,Genderqueer,vstarmern5@qq.com,32,Marketing,2017-04-17
835,Thomasina,Male,tfergien6@army.mil,918,Human Resources,2021-05-24
836,Finlay,Polygender,fhryniewickin7@taobao.com,291,Business Development,2018-05-09
837,Jarred,Polygender,jvaughanhughesn8@spotify.com,830,Research and Development,2019-09-13
838,Jobi,Female,jcrollyn9@google.com.hk,286,Accounting,2017-01-09
839,Karee,Bigender,kverdonna@google.com.au,876,Business Development,2020-09-03
840,Rosalinda,Female,rwhissellnb@mail.ru,244,Support,2020-01-20
841,Belita,Agender,bionnc@psu.edu,732,Legal,2018-01-13
842,Goldarina,Bigender,grimournd@topsy.com,945,Training,2021-10-05
843,Rodney,Genderfluid,rgoldhawkne@google.com,44,Marketing,2017-04-17
844,Falkner,Female,fvanderkruisnf@shinystat.com,508,Support,2019-01-22
845,Matthaeus,Genderqueer,mshoubridgeng@aol.com,55,Marketing,2019-09-04
846,Winn,Polygender,wmcalpinenh@yahoo.com,895,Business Development,2021-05-22
847,Bunny,Female,bweathersni@cam.ac.uk,718,Legal,2020-11-08
848,Ev,Agender,einsealnj@discuz.net,538,Sales,2018-09-24
849,Joycelin,Bigender,jstoadenk@ihg.com,834,Engineering,2019-05-28
850,Skyler,Agender,smorsonnl@w3.org,873,Product Management,2020-10-12
851,Shepperd,Polygender,sborghesenm@ca.gov,209,Marketing,2020-11-09
852,Broderic,Agender,bmoldennn@independent.co.uk,184,Engineering,2018-03-30
853,Pascal,Bigender,pcorsellesno@cbslocal.com,56,Human Resources,2019-02-16
854,Sonny,Agender,sclohissynp@salon.com,197,Research and Development,2018-02-09
855,Laurette,Polygender,lkensingtonnq@etsy.com,366,Human Resources,2021-03-28
856,Dorie,Female,dcamseynr@china.com.cn,699,Human Resources,2018-07-25
857,Hunter,Genderqueer,hduffusns@myspace.com,438,Support,2021-02-03
858,Lorenza,Genderfluid,lwelbelovent@gravatar.com,625,Services,2020-09-14
859,Huntlee,Genderqueer,hvanderbrugnu@infoseek.co.jp,209,Support,2020-09-22
860,Rodi,Polygender,rrosendahlnv@mlb.com,114,Accounting,2021-08-12
861,Harold,Agender,hsimonaitisnw@oracle.com,747,Training,2017-03-21
862,Delora,Genderqueer,drevettnx@miibeian.gov.cn,551,Marketing,2020-07-22
863,Constanta,Non-binary,ckeyesny@digg.com,307,Services,2018-06-09
864,Millard,Genderfluid,mtonsleynz@google.ru,336,Research and Development,2020-07-17
865,Delora,Non-binary,ddoncomo0@quantcast.com,416,Services,2020-04-05
866,Floris,Genderfluid,fpenao1@freewebs.com,495,Legal,2018-03-24
867,Niven,Agender,nrelfeo2@springer.com,516,Marketing,2018-09-16
868,Minerva,Genderfluid,mnorthamo3@privacy.gov.au,332,Product Management,2020-12-04
869,Judith,Female,jcaramusciao4@rakuten.co.jp,754,Human Resources,2019-01-11
870,Edwin,Agender,ebrehauto5@yandex.ru,806,Accounting,2017-10-05
871,Emmye,Bigender,emacshirrieo6@goo.ne.jp,652,Legal,2020-01-22
872,Eimile,Bigender,eguinesso7@yahoo.com,613,Marketing,2020-03-09
873,Inesita,Polygender,itockello8@msu.edu,507,Legal,2021-04-11
874,Shirley,Genderqueer,scumberbatcho9@stumbleupon.com,616,Services,2018-07-19
875,Bartolomeo,Male,btidburyoa@icq.com,432,Product Management,2017-02-08
876,Dacy,Genderqueer,dpeplerob@columbia.edu,49,Training,2020-12-04
877,Cora,Genderqueer,ccranchoc@lycos.com,250,Engineering,2017-07-24
878,Babita,Polygender,bpeoplesod@fotki.com,434,Training,2018-09-09
879,Winona,Genderqueer,wainscoughoe@alexa.com,976,Sales,2019-09-22
880,Elizabet,Non-binary,ebehrendsenof@themeforest.net,570,Research and Development,2017-06-03
881,Kristi,Genderqueer,khukinog@state.gov,234,Business Development,2021-03-16
882,Trey,Bigender,tlimeburneroh@narod.ru,745,Accounting,2020-09-10
883,Larissa,Male,ltottonoi@unc.edu,949,Human Resources,2021-08-03
884,Dannie,Female,ddrennanoj@hp.com,748,Product Management,2020-02-29
885,Ingram,Genderfluid,ijiroutekok@hhs.gov,188,Training,2020-05-03
886,Son,Genderfluid,sbecksonol@reddit.com,120,Sales,2018-04-23
887,Gallagher,Genderqueer,gbratchom@hostgator.com,889,Sales,2020-04-04
888,Lynett,Genderfluid,lkoppon@dion.ne.jp,437,Research and Development,2017-07-23
889,Adams,Agender,atrethowanoo@biblegateway.com,662,Accounting,2017-10-18
890,Hazel,Female,hinsoleop@examiner.com,551,Research and Development,2020-03-15
891,Ward,Female,wcannanoq@webs.com,541,Services,2019-03-04
892,Stacee,Genderfluid,scardallor@thetimes.co.uk,799,Marketing,2019-10-22
893,Smith,Bigender,scabralos@un.org,603,Legal,2020-08-12
894,Lynn,Female,lnegroot@youtube.com,806,Training,2021-07-30
895,Scarlet,Polygender,slauchlanou@msn.com,251,Product Management,2019-09-01
896,Lesya,Agender,lsmalingov@cisco.com,54,Legal,2020-01-16
897,Kirsten,Genderqueer,khenrysow@comcast.net,686,Business Development,2021-02-06
898,Kiri,Female,kmixtureox@prlog.org,85,Support,2020-06-09
899,Brocky,Bigender,bmugeoy@i2i.jp,839,Sales,2019-09-05
900,Abbot,Polygender,adengateoz@youku.com,372,Support,2017-07-05
901,Carey,Genderfluid,cmallallp0@miibeian.gov.cn,107,Services,2018-10-09
902,Vidovic,Non-binary,vcuvleyp1@admin.ch,580,Services,2017-11-14
903,Reuben,Female,rbirdwhistellp2@rambler.ru,431,Research and Development,2018-01-04
904,Bertram,Polygender,btarrp3@fda.gov,735,Product Management,2019-04-23
905,Whitman,Agender,wastillp4@is.gd,547,Product Management,2019-07-20
906,Everard,Male,ecobbyp5@arstechnica.com,588,Training,2020-07-22
907,Tobie,Genderfluid,tschoalesp6@nbcnews.com,597,Services,2018-12-24
908,Miriam,Bigender,mhurleyp7@nbcnews.com,480,Training,2017-01-11
909,Sophi,Genderqueer,sthorburnp8@ning.com,884,Product Management,2021-01-13
910,Ailbert,Genderfluid,apullingerp9@ft.com,263,Business Development,2018-02-03
911,Greer,Agender,ghennerpa@cbslocal.com,311,Accounting,2020-06-25
912,Dulce,Agender,dmcmeekanpb@bbb.org,455,Product Management,2020-05-28
913,Michaela,Genderfluid,mfinespc@nps.gov,452,Marketing,2021-08-05
914,Jeremy,Polygender,jfealypd@about.com,535,Business Development,2019-01-19
915,Onida,Genderqueer,ocrumleype@nytimes.com,780,Product Management,2017-01-31
916,Cordey,Polygender,cgreenmonpf@netvibes.com,48,Sales,2018-05-31
917,Rudy,Polygender,rkneelandpg@yelp.com,363,Legal,2018-07-03
918,Osbert,Genderqueer,ocollierph@artisteer.com,22,Accounting,2018-06-01
919,Viviyan,Genderfluid,vkibbepi@dailymotion.com,376,Support,2019-12-01
920,Nanci,Genderqueer,nwandpj@lycos.com,631,Marketing,2020-11-29
921,Jessika,Genderfluid,jzamboninipk@cnbc.com,382,Services,2017-11-13
922,Douglass,Female,dsollaspl@opera.com,116,Product Management,2017-03-27
923,Maurie,Polygender,mpinchenpm@stumbleupon.com,239,Marketing,2020-04-08
924,Nanon,Polygender,ngrattenpn@irs.gov,521,Support,2019-03-27
925,Martina,Bigender,mhacketpo@utexas.edu,497,Sales,2016-12-25
926,Andre,Genderfluid,aoryspp@github.io,198,Marketing,2020-07-09
927,Jenda,Non-binary,jmarushakpq@reference.com,151,Research and Development,2020-06-28
928,Ronda,Genderfluid,rpulverpr@virginia.edu,893,Research and Development,2020-08-19
929,Devan,Female,dpettendrichps@spotify.com,136,Marketing,2020-02-29
930,Ignacius,Male,ieddypt@bandcamp.com,251,Training,2017-09-25
931,Rosa,Female,rrodriguespu@t-online.de,504,Engineering,2021-08-24
932,Evangelin,Polygender,etruscottpv@tinypic.com,879,Research and Development,2020-10-07
933,Joeann,Polygender,jlesarrpw@opera.com,888,Accounting,2018-06-03
934,Celestyn,Male,cwormleightonpx@utexas.edu,592,Engineering,2017-03-02
935,Giffie,Non-binary,gjillettpy@desdev.cn,399,Sales,2020-02-21
936,Alessandra,Genderqueer,acantipz@rediff.com,567,Research and Development,2018-08-10
937,Jillayne,Genderqueer,jbaltrushaitisq0@istockphoto.com,827,Engineering,2020-10-01
938,Leora,Genderqueer,lfinicjq1@un.org,444,Business Development,2020-04-17
939,Rickert,Genderqueer,rdunkerleyq2@barnesandnoble.com,231,Legal,2018-06-04
940,Caye,Genderqueer,cdonisoq3@google.com.au,326,Training,2018-02-28
941,Charles,Bigender,cderechterq4@bluehost.com,346,Engineering,2017-06-03
942,Bidget,Genderfluid,bciraldoq5@gov.uk,876,Legal,2019-08-21
943,Keslie,Male,kchaffq6@vk.com,631,Training,2018-06-09
944,Avrom,Bigender,afluckerq7@feedburner.com,260,Sales,2018-02-14
945,Wenona,Non-binary,wrosielloq8@mac.com,320,Research and Development,2021-09-06
946,Archibald,Genderfluid,adibbleq9@amazon.co.uk,631,Sales,2019-06-21
947,Brandais,Bigender,bferraraqa@youku.com,645,Marketing,2021-07-02
948,Hobey,Polygender,hstitfallqb@prweb.com,911,Sales,2019-07-26
949,Mimi,Agender,mhuccabyqc@redcross.org,91,Legal,2019-02-12
950,Joela,Genderqueer,jeteenqd@dailymotion.com,483,Research and Development,2020-01-26
951,Martguerita,Genderqueer,mmacgheeqe@gravatar.com,766,Support,2017-07-03
952,Fernando,Female,fseathwrightqf@europa.eu,458,Business Development,2017-03-29
953,Karim,Agender,kwaulkerqg@wisc.edu,784,Training,2019-02-10
954,Dagny,Agender,dizacenkoqh@hatena.ne.jp,593,Support,2019-06-10
955,Yolande,Polygender,ymcrobbqi@virginia.edu,432,Product Management,2020-08-03
956,Meta,Female,mbramwichqj@merriam-webster.com,580,Engineering,2017-07-03
957,Jasen,Genderfluid,jrowlingsqk@theglobeandmail.com,272,Sales,2019-08-16
958,Jillie,Polygender,jbrinklowql@cafepress.com,332,Product Management,2021-01-18
959,Gustaf,Genderqueer,gloosleyqm@mozilla.org,988,Accounting,2018-12-09
960,Nelie,Bigender,nbaudoneqn@independent.co.uk,819,Human Resources,2019-06-23
961,Stefanie,Agender,sgwynethqo@last.fm,34,Marketing,2018-10-06
962,Jacobo,Genderfluid,jbroshqp@jugem.jp,47,Business Development,2020-10-30
963,Brock,Genderqueer,bfranssonqq@vimeo.com,577,Business Development,2018-02-18
964,Donall,Non-binary,dwollrauchqr@baidu.com,141,Human Resources,2019-05-06
965,Carlene,Non-binary,cgottqs@gnu.org,467,Research and Development,2018-05-09
966,Christoper,Genderfluid,cdorinqt@squidoo.com,279,Legal,2021-04-04
967,Thebault,Genderfluid,tgeistmannqu@macromedia.com,956,Support,2021-07-10
968,Jobye,Genderfluid,jbenamqv@wired.com,588,Services,2018-06-15
969,Radcliffe,Male,rscrivinorqw@ning.com,556,Marketing,2020-10-01
970,Penn,Genderqueer,pmarlerqx@uiuc.edu,452,Research and Development,2020-11-14
971,Erhard,Agender,esarraqy@indiatimes.com,491,Sales,2021-02-22
972,Karyn,Female,krackleyqz@lulu.com,589,Engineering,2018-05-10
973,Rozina,Agender,rpagonr0@wisc.edu,996,Marketing,2020-04-16
974,Elicia,Male,ebeebisr1@xinhuanet.com,509,Product Management,2017-08-29
975,Sigvard,Genderqueer,swhitwamr2@about.me,789,Marketing,2019-10-19
976,Ansley,Agender,amenaryr3@usatoday.com,336,Marketing,2017-09-27
977,Tressa,Genderqueer,tuddenr4@arstechnica.com,974,Product Management,2017-10-16
978,Dierdre,Female,dmirfinr5@barnesandnoble.com,158,Training,2021-08-01
979,Truman,Agender,tundyr6@mozilla.org,640,Business Development,2020-12-13
980,Tessie,Male,tcottisr7@edublogs.org,679,Training,2020-09-24
981,Nelle,Male,nmorleyr8@w3.org,730,Training,2017-07-25
982,Kaia,Bigender,kglozmanr9@princeton.edu,563,Sales,2021-03-11
983,Natalya,Agender,nlowdenra@adobe.com,935,Training,2019-07-16
984,Eben,Male,egrovenrb@fastcompany.com,92,Support,2018-09-18
985,Nanci,Male,nhacquoilrc@amazon.com,506,Services,2021-08-22
986,Thatcher,Non-binary,twharbyrd@dion.ne.jp,300,Sales,2020-09-22
987,Otis,Male,ogulliverre@wufoo.com,961,Engineering,2020-02-25
988,Allene,Polygender,acrockleyrf@unesco.org,345,Legal,2019-08-25
989,Jennilee,Bigender,jshortrg@cisco.com,168,Business Development,2019-04-12
990,Morgun,Agender,mbankrh@globo.com,37,Training,2020-12-13
991,Felike,Non-binary,frandalsri@nature.com,186,Support,2018-01-29
992,Sibby,Genderfluid,sdeningtonrj@hao123.com,658,Services,2019-08-31
993,Sondra,Male,scarslawrk@quantcast.com,684,Engineering,2017-07-02
994,Tilly,Polygender,tfusseyrl@cloudflare.com,471,Training,2019-04-11
995,Danny,Non-binary,dcaigerrm@constantcontact.com,471,Human Resources,2020-07-19
996,Dom,Male,dpavlishchevrn@engadget.com,331,Sales,2018-06-07
997,Adan,Non-binary,ablydero@jigsy.com,233,Accounting,2018-03-07
998,Constance,Male,cboggesrp@geocities.jp,34,Business Development,2020-02-01
999,Armstrong,Male,awreffordrq@unicef.org,492,Human Resources,2019-04-06
1000,Duffy,Polygender,dhanveyrr@wired.com,751,Research and Development,2019-11-29
